code,name,category,subcategory,thickness_mm,has_grain,unit,sort_order
EB-0001,0.0312 ABS Decorative,Edgeband,ABS Edging,0.03,False,lf,0
EB-0002,0.0312 ABS Decorative Grain,Edgeband,ABS Edging,0.03,False,lf,1
EB-0003,0.0312 ABS White,Edgeband,ABS Edging,0.03,False,lf,2
EB-0004,0.0312 ABS Width 1.5in Decorative,Edgeband,ABS Edging,0.03,False,lf,3
EB-0005,0.0312 ABS Width 1.5in White,Edgeband,ABS Edging,0.03,False,lf,4
EB-0006,0.0312 ABS Width 1in Decorative,Edgeband,ABS Edging,0.03,False,lf,5
EB-0007,0.0312 ABS Width 1in White,Edgeband,ABS Edging,0.03,False,lf,6
EB-0008,0.125 ABS Decorative,Edgeband,ABS Edging,0.12,False,lf,7
EB-0009,0.125 ABS White,Edgeband,ABS Edging,0.12,False,lf,8
EB-0010,0.5 mm ABS White,Edgeband,ABS Edging,0.5,False,lf,9
EB-0011,0.5mm ABS 555 White Matte,Edgeband,ABS Edging,0.5,False,lf,10
EB-0012,1 mm Color ABS,Edgeband,ABS Edging,1.0,False,lf,11
EB-0013,1 mm White ABS,Edgeband,ABS Edging,1.0,False,lf,12
EB-0014,1mm ABS 555 White Gloss,Edgeband,ABS Edging,1.0,False,lf,13
EB-0015,1mm ABS 555 White Matte,Edgeband,ABS Edging,1.0,False,lf,14
EB-0016,1mm ABS Black,Edgeband,ABS Edging,1.0,False,lf,15
EB-0017,1mm ABS Decorative,Edgeband,ABS Edging,1.0,False,lf,16
EB-0018,1mm ABS Decorative Grain,Edgeband,ABS Edging,1.0,False,lf,17
EB-0019,1mm ABS Gray,Edgeband,ABS Edging,1.0,False,lf,18
EB-0020,1mm ABS White,Edgeband,ABS Edging,1.0,False,lf,19
EB-0021,1mm ABS Width 25mm Decorative,Edgeband,ABS Edging,1.0,False,lf,20
EB-0022,1mm ABS Width 25mm White,Edgeband,ABS Edging,1.0,False,lf,21
EB-0023,1mm ABS Width 38mm Decorative,Edgeband,ABS Edging,1.0,False,lf,22
EB-0024,1mm ABS Width 38mm White,Edgeband,ABS Edging,1.0,False,lf,23
EB-0025,2mm ABS Decorative,Edgeband,ABS Edging,2.0,False,lf,24
EB-0026,2mm ABS White,Edgeband,ABS Edging,2.0,False,lf,25
EB-0027,3mm ABS White,Edgeband,ABS Edging,1.0,False,lf,26
EB-0028,0.125 Decorative,Edgeband,Edgeband,0.12,False,lf,27
EB-0029,0.125 White,Edgeband,Edgeband,0.12,False,lf,28
EB-0030,0.125 White Gloss,Edgeband,Edgeband,1.0,False,lf,29
EB-0031,0.4 Decorative,Edgeband,Edgeband,1.0,False,lf,30
EB-0032,0.4 White,Edgeband,Edgeband,0.4,False,lf,31
EB-0033,0.5 Birch - Edges,Edgeband,Edgeband,0.5,False,lf,32
EB-0034,0.5 Birch Edges,Edgeband,Edgeband,0.5,False,lf,33
EB-0035,0.5 Black Edge,Edgeband,Edgeband,0.5,False,lf,34
EB-0036,0.5 Black Wide Edge,Edgeband,Edgeband,0.5,False,lf,35
EB-0037,0.5 ML1 Edge,Edgeband,Edgeband,0.5,False,lf,36
EB-0038,0.5 ML1_Edges,Edgeband,Edgeband,0.5,False,lf,37
EB-0039,0.5 mm Chakra K74 EB,Edgeband,Edgeband,0.5,False,lf,38
EB-0040,0.5 MM PL1 - Edge,Edgeband,Edgeband,0.5,False,lf,39
EB-0041,0.5 mm White EB,Edgeband,Edgeband,0.5,False,lf,40
EB-0042,0.5 mm White EB_1,Edgeband,Edgeband,0.5,False,lf,41
EB-0043,0.5 Orange_Edge,Edgeband,Edgeband,0.5,False,lf,42
EB-0044,0.5 PL1_Edge,Edgeband,Edgeband,0.5,False,lf,43
EB-0045,0.5 WHITE,Edgeband,Edgeband,0.5,False,lf,44
EB-0046,0.5 White Edges,Edgeband,Edgeband,0.5,False,lf,45
EB-0047,0.5 WV1 - Edges,Edgeband,Edgeband,0.5,False,lf,46
EB-0048,0.5MM - ML1 Edge,Edgeband,Edgeband,0.5,False,lf,47
EB-0049,0.5mm Birch EB,Edgeband,Edgeband,0.0,False,lf,48
EB-0050,0.5mm black,Edgeband,Edgeband,0.5,False,lf,49
EB-0051,0.5MM Black Edge,Edgeband,Edgeband,1.0,False,lf,50
EB-0052,0.5mm Misssion Maple,Edgeband,Edgeband,0.5,False,lf,51
EB-0053,0.5mm Moonlight Gray,Edgeband,Edgeband,0.4,False,lf,52
EB-0054,0.5mm Red Oak,Edgeband,Edgeband,0.5,False,lf,53
EB-0055,0.5mm Sheer Beauty,Edgeband,Edgeband,0.4,False,lf,54
EB-0056,0.5mm White EB,Edgeband,Edgeband,0.0,False,lf,55
EB-0057,0.8 mm Classic Maple 290 EB,Edgeband,Edgeband,0.8,False,lf,56
EB-0058,0.8 mm Kiss Curl L592 EB,Edgeband,Edgeband,0.8,False,lf,57
EB-0059,0.8 mm Midnight Sun EB,Edgeband,Edgeband,0.8,False,lf,58
EB-0060,0.8 mm PM  Black EB,Edgeband,Edgeband,1.0,False,lf,59
EB-0061,1 ML1 Edge,Edgeband,Edgeband,1.0,False,lf,60
EB-0062,1 mm  Summer Drops L202 EB,Edgeband,Edgeband,1.0,False,lf,61
EB-0063,1 mm Brass Band EB,Edgeband,Edgeband,1.0,False,lf,62
EB-0064,1 mm Brushed Walnut K12 EB,Edgeband,Edgeband,1.0,False,lf,63
EB-0065,1 mm Cactus Textile Edgeband,Edgeband,Edgeband,1.0,False,lf,64
EB-0066,1 mm Canvas K21 Edgeband,Edgeband,Edgeband,1.0,False,lf,65
EB-0067,1 mm Chakra K74 EB,Edgeband,Edgeband,1.0,False,lf,66
EB-0068,1 mm Fog Grey EB,Edgeband,Edgeband,1.0,False,lf,67
EB-0069,1 mm Free Spirit EB,Edgeband,Edgeband,1.0,False,lf,68
EB-0070,1 mm HG  Light Grey EB,Edgeband,Edgeband,1.0,False,lf,69
EB-0071,1 mm HG Grey EB,Edgeband,Edgeband,1.0,False,lf,70
EB-0072,1 mm HG Light Cream EB,Edgeband,Edgeband,1.0,False,lf,71
EB-0073,1 mm HG White EB,Edgeband,Edgeband,1.0,False,lf,72
EB-0074,1 mm Matt Teak Edgeband,Edgeband,Edgeband,1.0,False,lf,73
EB-0075,1 mm Morning Dew EB,Edgeband,Edgeband,1.0,False,lf,74
EB-0076,1 mm Quarry EB,Edgeband,Edgeband,1.0,False,lf,75
EB-0077,1 mm Rift Cut White Oak EB,Edgeband,Edgeband,1.0,False,lf,76
EB-0078,1 mm Rocky Mountain EB,Edgeband,Edgeband,1.0,False,lf,77
EB-0079,1 mm Sheer Beauty EB,Edgeband,Edgeband,1.0,False,lf,78
EB-0080,1 mm Shiraz Cherry EB,Edgeband,Edgeband,1.0,False,lf,79
EB-0081,1 mm Smokewood K04 Edgeband,Edgeband,Edgeband,1.0,False,lf,80
EB-0082,1 mm ST  Black EB,Edgeband,Edgeband,1.0,False,lf,81
EB-0083,1 mm ST  Ice Grey EB,Edgeband,Edgeband,1.0,False,lf,82
EB-0084,1 mm ST  Ice Grey EB_1_1,Edgeband,Edgeband,1.0,False,lf,83
EB-0085,1 mm ST  Navy Blue EB,Edgeband,Edgeband,1.0,False,lf,84
EB-0086,1 mm ST  New Grey EB,Edgeband,Edgeband,1.0,False,lf,85
EB-0087,1 mm ST  White EB,Edgeband,Edgeband,1.0,False,lf,86
EB-0088,1 mm ST  White EB_1,Edgeband,Edgeband,1.0,False,lf,87
EB-0089,1 mm Super White Edgeband,Edgeband,Edgeband,1.0,False,lf,88
EB-0090,1 mm Walnut Grove EB,Edgeband,Edgeband,1.0,False,lf,89
EB-0091,1 PL1 Edge,Edgeband,Edgeband,1.0,False,lf,90
EB-0092,1 PL2 Edge,Edgeband,Edgeband,1.0,False,lf,91
EB-0093,1MM - PL1 Edge,Edgeband,Edgeband,1.0,False,lf,92
EB-0094,1MM Black Edges,Edgeband,Edgeband,1.0,False,lf,93
EB-0095,1mm Merit Maple EB,Edgeband,Edgeband,0.0,False,lf,94
EB-0096,1MM ML-01 Edge,Edgeband,Edgeband,1.0,False,lf,95
EB-0097,1MM ML1 Edge,Edgeband,Edgeband,1.0,False,lf,96
EB-0098,1MM PL1 Edge,Edgeband,Edgeband,1.0,False,lf,97
EB-0099,1MM PL1A Edge,Edgeband,Edgeband,1.0,False,lf,98
EB-0100,1MM PL2 Edge,Edgeband,Edgeband,1.0,False,lf,99
EB-0101,1MM PL2A Edge,Edgeband,Edgeband,1.0,False,lf,100
EB-0102,1MM PL3 Edge,Edgeband,Edgeband,1.0,False,lf,101
EB-0103,1MM PL4 Edge,Edgeband,Edgeband,1.0,False,lf,102
EB-0104,1MM PL5 Edge,Edgeband,Edgeband,1.0,False,lf,103
EB-0105,1mm White EB,Edgeband,Edgeband,0.0,False,lf,104
EB-0106,1mm Wooden Birch EB,Edgeband,Edgeband,0.0,False,lf,105
EB-0107,1MM WV-01 Edge,Edgeband,Edgeband,1.0,False,lf,106
EB-0108,1MM WV-02 Edge,Edgeband,Edgeband,1.0,False,lf,107
EB-0109,1MM WV-04 Edge,Edgeband,Edgeband,1.0,False,lf,108
EB-0110,1MM WV-05 Edge,Edgeband,Edgeband,1.0,False,lf,109
EB-0111,1MM WV1 Edge,Edgeband,Edgeband,1.0,False,lf,110
EB-0112,1MM WV4 Edge,Edgeband,Edgeband,1.0,False,lf,111
EB-0113,1mm_AGT 3P Slate Grey_EB,Edgeband,Edgeband,0.0,False,lf,112
EB-0114,1mm_AGT HG Light Grey_EB,Edgeband,Edgeband,0.0,False,lf,113
EB-0115,1mm_AGT HG Super White_EB,Edgeband,Edgeband,0.0,False,lf,114
EB-0116,1mm_AGT Ice Grey Mat_EB,Edgeband,Edgeband,0.0,False,lf,115
EB-0117,1mm_AGT_Soft Touch Arctic Grey_EB,Edgeband,Edgeband,0.0,False,lf,116
EB-0118,1mm_AGT_Soft Touch Grey_EB,Edgeband,Edgeband,0.0,False,lf,117
EB-0119,1mm_AGT_Soft Touch Grey_Wide_EB,Edgeband,Edgeband,0.0,False,lf,118
EB-0120,1mm_Sublime Snow White_EB,Edgeband,Edgeband,0.0,False,lf,119
EB-0121,1mm_Tafisa Acacia Honey_EB,Edgeband,Edgeband,0.0,False,lf,120
EB-0122,1mm_Tafisa Fashionista_EB,Edgeband,Edgeband,0.0,False,lf,121
EB-0123,1mm_Tafisa Home_EB,Edgeband,Edgeband,0.0,False,lf,122
EB-0124,1mm_Tafisa Kiss Curl_EB,Edgeband,Edgeband,0.0,False,lf,123
EB-0125,1mm_Tafisa Niagara_EB,Edgeband,Edgeband,0.0,False,lf,124
EB-0126,1mm_Tafisa Nutmeg_EB,Edgeband,Edgeband,0.0,False,lf,125
EB-0127,1mm_Tafisa Sheer Beauty_EB,Edgeband,Edgeband,0.0,False,lf,126
EB-0128,1mm_Tafisa Sugar On Ice_EB,Edgeband,Edgeband,0.0,False,lf,127
EB-0129,1mm_Uniboard Classic Maple_EB,Edgeband,Edgeband,0.0,False,lf,128
EB-0130,1mm_Uniboard Haze_EB,Edgeband,Edgeband,0.0,False,lf,129
EB-0131,1mm_Uniboard Ingot Grey_EB,Edgeband,Edgeband,0.0,False,lf,130
EB-0132,1mm_Uniboard Kindle_EB,Edgeband,Edgeband,0.0,False,lf,131
EB-0133,1mm_Uniboard Quietude_EB,Edgeband,Edgeband,0.0,False,lf,132
EB-0134,1mm_Uniboard Sheer Linen_EB,Edgeband,Edgeband,0.0,False,lf,133
EB-0135,1mm_Uniboard Sunset Grey_EB,Edgeband,Edgeband,0.0,False,lf,134
EB-0136,1mm_Uniboard Whitesmoke_EB,Edgeband,Edgeband,0.0,False,lf,135
EB-0137,1mm_Uniboard Willow Grey_EB,Edgeband,Edgeband,0.0,False,lf,136
EB-0138,2mm Decorative,Edgeband,Edgeband,,False,lf,137
EB-0139,2mm White,Edgeband,Edgeband,1.0,False,lf,138
EB-0140,2mm White Gloss,Edgeband,Edgeband,,False,lf,139
EB-0141,3 PL1 Edge,Edgeband,Edgeband,3.0,False,lf,140
EB-0142,3 PL2 Edge,Edgeband,Edgeband,3.0,False,lf,141
EB-0143,38mm Solid Trim,Edgeband,Edgeband,38.0,False,lf,142
EB-0144,38mm Solid White Oak,Edgeband,Edgeband,37.0,False,lf,143
EB-0145,3mm Mission Maple,Edgeband,Edgeband,3.0,False,lf,144
EB-0146,3MM PL1 - Edge,Edgeband,Edgeband,3.0,False,lf,145
EB-0147,3mm Red Oak,Edgeband,Edgeband,2.75,False,lf,146
EB-0148,3mm Red Oak 28mm,Edgeband,Edgeband,2.75,False,lf,147
EB-0149,3mm Slate Grey,Edgeband,Edgeband,3.0,False,lf,148
EB-0150,Birch PF Edge,Edgeband,Edgeband,0.5,False,lf,149
EB-0151,Black Paint - Edge,Edgeband,Edgeband,0.5,False,lf,150
EB-0152,Door Profile Trim Cope,Edgeband,Edgeband,,False,lf,151
EB-0153,Door Profile Trim Inside,Edgeband,Edgeband,,False,lf,152
EB-0154,Door Profile Trim Outside,Edgeband,Edgeband,,False,lf,153
EB-0155,Door Profile Trim Raised Panel,Edgeband,Edgeband,,False,lf,154
EB-0156,EB-001,Edgeband,Edgeband,0.5,False,lf,155
EB-0157,EB-002,Edgeband,Edgeband,0.5,False,lf,156
EB-0158,EB-302,Edgeband,Edgeband,2.75,False,lf,157
EB-0159,EB2-003,Edgeband,Edgeband,2.0,False,lf,158
EB-0160,EB2-004,Edgeband,Edgeband,2.0,False,lf,159
EB-0161,EB2-005,Edgeband,Edgeband,2.0,False,lf,160
EB-0162,ED-1556,Edgeband,Edgeband,3.0,False,lf,161
EB-0163,ED-472,Edgeband,Edgeband,0.5,False,lf,162
EB-0164,ED-606,Edgeband,Edgeband,0.5,False,lf,163
EB-0165,MITERED,Edgeband,Edgeband,0.0,False,lf,164
EB-0166,ML1-38Edge,Edgeband,Edgeband,1.0,False,lf,165
EB-0167,ML1-Edge,Edgeband,Edgeband,1.0,False,lf,166
EB-0168,ML1_Edge,Edgeband,Edgeband,0.5,False,lf,167
EB-0169,ML2-Edge,Edgeband,Edgeband,1.0,False,lf,168
EB-0170,ML3-Edge,Edgeband,Edgeband,1.0,False,lf,169
EB-0171,None,Edgeband,Edgeband,,False,lf,170
EB-0172,"P-Lam, Walnut Heights",Edgeband,Edgeband,1.0,False,lf,171
EB-0173,Painted Edge .004,Edgeband,Edgeband,0.0,False,lf,172
EB-0174,Painted Edge 0.1 mm,Edgeband,Edgeband,,False,lf,173
EB-0175,PL-837 Graphite,Edgeband,Edgeband,0.8,False,lf,174
EB-0176,PL-949C-58 White Colorcore,Edgeband,Edgeband,1.0,False,lf,175
EB-0177,PL-Black,Edgeband,Edgeband,0.5,False,lf,176
EB-0178,PL-Macchiato Walnut,Edgeband,Edgeband,0.1,False,lf,177
EB-0179,PL-Mocha Cherry,Edgeband,Edgeband,1.0,False,lf,178
EB-0180,PL-Red,Edgeband,Edgeband,0.8,False,lf,179
EB-0181,PL-Storm Grey 42mm,Edgeband,Edgeband,42.0,False,lf,180
EB-0182,PL1 Edge_Loose,Edgeband,Edgeband,1.0,False,lf,181
EB-0183,PL1_Edge,Edgeband,Edgeband,1.0,False,lf,182
EB-0184,Post Lam - Maple,Edgeband,Edgeband,0.8,False,lf,183
EB-0185,Post-Lam Graphite,Edgeband,Edgeband,0.8,False,lf,184
EB-0186,Post-Lam Satin Red,Edgeband,Edgeband,1.0,False,lf,185
EB-0187,PT1 - Edges,Edgeband,Edgeband,0.5,False,lf,186
EB-0188,PT10 - Edge,Edgeband,Edgeband,0.5,False,lf,187
EB-0189,SP03 - Edge,Edgeband,Edgeband,1.0,False,lf,188
EB-0190,SP05 - Edge,Edgeband,Edgeband,0.5,False,lf,189
EB-0191,Splay Edge 1mm,Edgeband,Edgeband,1.0,False,lf,190
EB-0192,Splay Edge 2mm,Edgeband,Edgeband,2.0,False,lf,191
EB-0193,"Trim, 19mm, White Oak",Edgeband,Edgeband,18.0,False,lf,192
EB-0194,"Trim, Red Oak_FC Solid Wood - Bullnose Trim",Edgeband,Edgeband,38.0,False,lf,193
EB-0195,Wide ML1 Edge,Edgeband,Edgeband,1.0,False,lf,194
EB-0196,Wide PL1 Edge,Edgeband,Edgeband,1.0,False,lf,195
EB-0197,Wide WV-01 Edge,Edgeband,Edgeband,1.5,False,lf,196
EB-0198,"0.5mm Black, PVC",Edgeband,PVC Edging,0.5,False,lf,197
EB-0199,"0.5mm Black, PVC_1",Edgeband,PVC Edging,0.5,False,lf,198
EB-0200,"0.5mm Paintable, PVC",Edgeband,PVC Edging,0.5,False,lf,199
EB-0201,"0.5mm White, PVC",Edgeband,PVC Edging,0.5,False,lf,200
EB-0202,1 PVC_Aged_Ash_MT,Edgeband,PVC Edging,1.0,False,lf,201
EB-0203,1 PVC_Aged_Ash_WR,Edgeband,PVC Edging,1.0,False,lf,202
EB-0204,1 PVC_Classic_Black,Edgeband,PVC Edging,1.0,False,lf,203
EB-0205,1 PVC_Nova_White,Edgeband,PVC Edging,1.0,False,lf,204
EB-0206,"1.0mm Black, PVC",Edgeband,PVC Edging,1.0,False,lf,205
EB-0207,"1mm EB-Black, PVC",Edgeband,PVC Edging,1.0,False,lf,206
EB-0208,"1mm EB-L588, PVC",Edgeband,PVC Edging,1.0,False,lf,207
EB-0209,1mm PVC_Aged_Ash,Edgeband,PVC Edging,1.0,False,lf,208
EB-0210,3 PVC_Aged_Ash_MT,Edgeband,PVC Edging,3.0,False,lf,209
EB-0211,3 PVC_Aged_Ash_WR,Edgeband,PVC Edging,3.0,False,lf,210
EB-0212,3 PVC_Classic_Black,Edgeband,PVC Edging,3.0,False,lf,211
EB-0213,3 PVC_Nova_White,Edgeband,PVC Edging,3.0,False,lf,212
EB-0214,3mm PVC_Aged_Ash,Edgeband,PVC Edging,3.0,False,lf,213
EB-0215,"Edging Beigewood, PVC, PL-1, 1mm x 23mm",Edgeband,PVC Edging,1.0,False,lf,214
EB-0216,"Edging, PVC, Graystone, 0.5mm x 22mm",Edgeband,PVC Edging,0.5,False,lf,215
EB-0217,"Edging, PVC, Graystone, 1mm x 22mm",Edgeband,PVC Edging,1.0,False,lf,216
EB-0218,"Edging, PVC, Oak, 1mm x 22mm",Edgeband,PVC Edging,1.0,False,lf,217
EB-0219,"Edging, PVC, Oak, 1mm x 28mm",Edgeband,PVC Edging,1.0,False,lf,218
EB-0220,"Edging, PVC, PL-1, 1mm x 22mm",Edgeband,PVC Edging,1.0,False,lf,219
EB-0221,"Edging, PVC, PL-1, 1mm x 22mm_4",Edgeband,PVC Edging,1.0,False,lf,220
EB-0222,"Edging, PVC, PL-1, 1mm x 22mm_5",Edgeband,PVC Edging,1.0,False,lf,221
EB-0223,"Edging, PVC, PL-1, 1mm x 22mm_6",Edgeband,PVC Edging,1.0,False,lf,222
EB-0224,"Edging, PVC, PL-2, 1mm x 22mm",Edgeband,PVC Edging,1.0,False,lf,223
EB-0225,"Edging, PVC, PL-3, 1mm x 22mm",Edgeband,PVC Edging,1.0,False,lf,224
EB-0226,"Edging, PVC, PL-4, 1mm x 22mm",Edgeband,PVC Edging,1.0,False,lf,225
EB-0227,"Edging, PVC, Walnut Heights, 0.5mm x 22mm",Edgeband,PVC Edging,1.0,False,lf,226
EB-0228,"Edging, PVC, Walnut Heights, 3mm x 22mm",Edgeband,PVC Edging,3.0,False,lf,227
EB-0229,"Edging, PVC, Walnut Heights, 3mm x 28mm",Edgeband,PVC Edging,3.0,False,lf,228
EB-0230,"Edging, PVC, White Twill, 0.5mm x 22mm",Edgeband,PVC Edging,0.5,False,lf,229
EB-0231,"Edging, PVC, White Twill, 1mm x 22mm",Edgeband,PVC Edging,1.0,False,lf,230
EB-0232,"Edging, PVC, White, 0.5 mm x 22 mm",Edgeband,PVC Edging,0.5,False,lf,231
EB-0233,"Edging, PVC, White, 0.5 mm x 41mm",Edgeband,PVC Edging,0.5,False,lf,232
EB-0234,"PVC, Black 3mm",Edgeband,PVC Edging,3.0,False,lf,233
EB-0235,0.5MM MAPLE VENEER,Edgeband,Veneer Edging,0.5,False,lf,234
EB-0236,0.5mm Veneer,Edgeband,Veneer Edging,0.5,False,lf,235
EB-0237,0.5mm Walnut Veneer,Edgeband,Veneer Edging,0.5,False,lf,236
EB-0238,2mm Veneer Birch,Edgeband,Veneer Edging,2.0,False,lf,237
EB-0239,3mm Maple Veneer,Edgeband,Veneer Edging,3.0,False,lf,238
EB-0240,"Edging, Veneer, White Oak, 0.5 mm x 22 mm",Edgeband,Veneer Edging,0.5,False,lf,239
EB-0241,"Edging, Veneer, White Oak, 3 mm x 22 mm",Edgeband,Veneer Edging,3.0,False,lf,240
EB-0242,"Edging,Veneer, White Oak, 1 x 22mm",Edgeband,Veneer Edging,1.0,False,lf,241
PNL-0001,13 mm Lava Rock Corian,Panel,Corian,12.0,False,sheet,242
PNL-0002,13 SS02-Linen Corian,Panel,Corian,12.7,False,sheet,243
PNL-0003,S-SSM022 Antarctica Corian,Panel,Corian,13.0,False,sheet,244
PNL-0004,S-SSM186 13mm Morning Ice Corian,Panel,Corian,12.0,False,sheet,245
PNL-0005,S-SSM360 13mm Grey Beola Corian,Panel,Corian,12.0,False,sheet,246
PNL-0006,"SSM, Corian, Lavadrift, 13mm",Panel,Corian,13.0,True,sheet,247
PNL-0007,"SSM, Corian_Everest_13 mm, 762 x 3683",Panel,Corian,13.0,False,sheet,248
PNL-0008,"SSM, Corian_Modern White_13 mm, 762 x 3683",Panel,Corian,13.0,False,sheet,249
PNL-0009,"SSM, Corian_Modern-White_13 mm, 762 x 3683",Panel,Corian,13.0,False,sheet,250
PNL-0010,0.4mm Decorative Laminate,Panel,Laminate,0.4,False,sheet,251
PNL-0011,Black Laminate,Panel,Laminate,1.0,False,sheet,252
PNL-0012,Black Laminate_Loose,Panel,Laminate,1.0,False,sheet,253
PNL-0013,Decorative Laminate 0.4mm,Panel,Laminate,0.4,False,sheet,254
PNL-0014,Decorative Laminate Beigewood 1mm,Panel,Laminate,1.0,False,sheet,255
PNL-0015,Decorative Laminate Board 16mm,Panel,Laminate,16.0,False,sheet,256
PNL-0016,Decorative Laminate Board 18mm,Panel,Laminate,18.0,False,sheet,257
PNL-0017,Decorative Laminate Board 25mm,Panel,Laminate,25.0,False,sheet,258
PNL-0018,Decorative Laminate Board 32mm,Panel,Laminate,32.0,False,sheet,259
PNL-0019,Decorative Laminate Board 6mm,Panel,Laminate,6.0,False,sheet,260
PNL-0020,Decorative Laminate Grained Board 16mm,Panel,Laminate,16.0,True,sheet,261
PNL-0021,Decorative Laminate Grained Board 18mm,Panel,Laminate,18.0,True,sheet,262
PNL-0022,Decorative Laminate Grained Board 25mm,Panel,Laminate,18.0,True,sheet,263
PNL-0023,Decorative Laminate Grained Board 32mm,Panel,Laminate,32.0,True,sheet,264
PNL-0024,Decorative Laminate Grained Board 6mm,Panel,Laminate,6.0,True,sheet,265
PNL-0025,PL-Formica 837 Graphite Laminate,Panel,Laminate,0.8,False,sheet,266
PNL-0026,PL-Formica 909 Black Laminate,Panel,Laminate,1.0,False,sheet,267
PNL-0027,PL-Formica 909-58 Black Laminate,Panel,Laminate,1.0,False,sheet,268
PNL-0028,"Plastic Laminate, PF, Arctic Ice, Velvatex P395-VL",Panel,Laminate,1.0,False,sheet,269
PNL-0029,"Plastic Laminate, PF, Phenolic Backer",Panel,Laminate,1.0,False,sheet,270
PNL-0030,"Plastic Laminate, PF, Phenolic Backer_3",Panel,Laminate,1.0,False,sheet,271
PNL-0031,S-PL Modern Mocha Cherry  Laminate,Panel,Laminate,1.0,True,sheet,272
PNL-0032,S-PL083 - 1mm Graphite Laminate,Panel,Laminate,1.0,False,sheet,273
PNL-0033,S-PL347 1mm Coal Black Laminate,Panel,Laminate,1.0,False,sheet,274
PNL-0034,S-PL375-1MM CLARET MATTE LAMINATE,Panel,Laminate,1.0,False,sheet,275
PNL-0035,S-PL380-1MM MISSION MAPLE LAMINATE,Panel,Laminate,1.0,True,sheet,276
PNL-0036,S-PL424 Uptown Walnut Laminate,Panel,Laminate,1.0,True,sheet,277
PNL-0037,S-PL793 Solar Oak Laminate,Panel,Laminate,1.0,True,sheet,278
PNL-0038,S-PL794 Palisades Oak Laminate,Panel,Laminate,1.0,True,sheet,279
PNL-0039,S-PL956 Primary Red Laminate,Panel,Laminate,1.0,False,sheet,280
PNL-0040,-18 WV1_MDF_Backer,Panel,MDF,18.5,True,sheet,281
PNL-0041,0.25 Cherry Veneer MDF 2s,Panel,MDF,6.0,False,sheet,282
PNL-0042,12 Black_MDF (G1S),Panel,MDF,12.0,False,sheet,283
PNL-0043,13 Raw MDF,Panel,MDF,12.7,False,sheet,284
PNL-0044,13 SP03_MDF (G1S),Panel,MDF,13.0,False,sheet,285
PNL-0045,13mm MDF MR FC Red Oak,Panel,MDF,13.0,True,sheet,286
PNL-0046,17.5 Brown Backer-NG_MDF_PL2-Beige ELM-NG,Panel,MDF,19.9,True,sheet,287
PNL-0047,17.5 Brown Backer_MDF_PL1-Bianco Male JJ,Panel,MDF,19.9,False,sheet,288
PNL-0048,17.5 PL1 AgedAsh-WR_MDF_Backer,Panel,MDF,19.1,True,sheet,289
PNL-0049,17.5 PL1 AgedAsh-WR_MDF_PL1 AgedAsh-WR,Panel,MDF,19.1,True,sheet,290
PNL-0050,17.5 PL1 Beige ELM_MDF_PL1 Beige ELM,Panel,MDF,19.1,True,sheet,291
PNL-0051,17.5 PL1-Bianco Male JJ_MDF_Brown Backer,Panel,MDF,19.9,False,sheet,292
PNL-0052,17.5 PL1-Bianco Male JJ_MDF_PL1-Bianco Male JJ,Panel,MDF,19.9,False,sheet,293
PNL-0053,17.5 PL1-Bianco Male JJ_MDF_White Liner,Panel,MDF,19.9,False,sheet,294
PNL-0054,17.5 PL1-Sap Walnut_MDF_Backer (Sides),Panel,MDF,19.1,True,sheet,295
PNL-0055,17.5 PL2 Aged Ash-MT_MDF_Backer,Panel,MDF,19.1,True,sheet,296
PNL-0056,17.5 PL2 Aged Ash-MT_MDF_PL2 AgedAsh-MT,Panel,MDF,19.1,True,sheet,297
PNL-0057,17.5 PL2-Beige ELM-NG_MDF_Brown Backer,Panel,MDF,19.9,True,sheet,298
PNL-0058,17.5 PL2-Beige ELM-NG_MDF_PL2-Beige ELM-NG,Panel,MDF,19.9,True,sheet,299
PNL-0059,17.5 PL2-Beige ELM-NG_MDF_White Liner,Panel,MDF,19.9,True,sheet,300
PNL-0060,17.5 White Liner_MDF_PL1 Aged Ash-WR,Panel,MDF,19.1,True,sheet,301
PNL-0061,17.5 White Liner_MDF_PL1-Bianco Male JJ,Panel,MDF,19.9,False,sheet,302
PNL-0062,17.5 White Liner_MDF_PL2 AgedAsh-MT,Panel,MDF,19.1,True,sheet,303
PNL-0063,17.5 White Liner_MDF_PL2-Beige ELM-NG,Panel,MDF,19.9,True,sheet,304
PNL-0064,18 Backer_MDF_WV4,Panel,MDF,18.5,True,sheet,305
PNL-0065,18 Black Liner_MDF_WV4,Panel,MDF,18.5,True,sheet,306
PNL-0066,18 Raw MDF,Panel,MDF,18.0,False,sheet,307
PNL-0067,18 WV1_MDF_Backer,Panel,MDF,18.5,True,sheet,308
PNL-0068,18 WV4_MDF_Backer,Panel,MDF,18.5,True,sheet,309
PNL-0069,18 WV4_MDF_WV4,Panel,MDF,18.5,True,sheet,310
PNL-0070,18.5 Backer_MDF_WV-02,Panel,MDF,18.5,True,sheet,311
PNL-0071,18.5 Backer_MDF_WV-04,Panel,MDF,18.5,True,sheet,312
PNL-0072,18.5 WV-02_MDF_Backer,Panel,MDF,18.5,True,sheet,313
PNL-0073,18.5 WV-02_MDF_WV-02,Panel,MDF,18.5,True,sheet,314
PNL-0074,18.5 WV-04_MDF_Backer,Panel,MDF,18.5,True,sheet,315
PNL-0075,18.5 WV-04_MDF_WV-04,Panel,MDF,18.5,True,sheet,316
PNL-0076,18.5 WV-04_MDF_WV-04 (Cross),Panel,MDF,18.5,False,sheet,317
PNL-0077,19 Black_MDF (G1S),Panel,MDF,19.1,False,sheet,318
PNL-0078,19 MDF,Panel,MDF,19.1,False,sheet,319
PNL-0079,19 PT10_MDF (G1S),Panel,MDF,19.1,False,sheet,320
PNL-0080,19 PT10_MDF (G2S),Panel,MDF,19.1,False,sheet,321
PNL-0081,19 PT1_MDF_G2S,Panel,MDF,19.05,False,sheet,322
PNL-0082,19 Raw MDF,Panel,MDF,19.1,False,sheet,323
PNL-0083,19 SP03_MDF (G1S),Panel,MDF,19.1,False,sheet,324
PNL-0084,19 SP05_MDF (G1S),Panel,MDF,19.1,False,sheet,325
PNL-0085,19 SP05_MDF (G2S),Panel,MDF,19.1,False,sheet,326
PNL-0086,19mm MDF Black-Black(Popeyes),Panel,MDF,19.0,False,sheet,327
PNL-0087,"19mm MDF Raw, Paint-Grade",Panel,MDF,19.0,False,sheet,328
PNL-0088,25 WV-04_MDF_WV-04,Panel,MDF,25.4,True,sheet,329
PNL-0089,25.4 mm MDF,Panel,MDF,25.4,False,sheet,330
PNL-0090,32mm Layup MDF,Panel,MDF,31.75,True,sheet,331
PNL-0091,45 WV-01_MDF_WV-01,Panel,MDF,44.45,True,sheet,332
PNL-0092,45 WV-04_MDF_WV-04,Panel,MDF,44.45,True,sheet,333
PNL-0093,6 Backer_MDF_WV-02,Panel,MDF,6.35,True,sheet,334
PNL-0094,6 Backer_MDF_WV-04,Panel,MDF,6.0,True,sheet,335
PNL-0095,6 PL1 Beige_MDF_Backer,Panel,MDF,6.35,True,sheet,336
PNL-0096,6 PT10_MDF (G1S),Panel,MDF,6.35,False,sheet,337
PNL-0097,6 WV4_MDF_Backer,Panel,MDF,6.35,True,sheet,338
PNL-0098,6.35 PL1 AgedAsh-WR_MDF_Backer,Panel,MDF,7.0,True,sheet,339
PNL-0099,6.35 PL2 Aged Ash-MT_MDF_Backer,Panel,MDF,7.0,True,sheet,340
PNL-0100,6.4 PL1-Bianco Male JJ_MDF_Brown Backer,Panel,MDF,8.4,False,sheet,341
PNL-0101,6.4 PL2-Beige ELM-NG_MDF_Brown Backer,Panel,MDF,7.8,True,sheet,342
PNL-0102,7 PL1-Sap Walnut_MDF_Backer,Panel,MDF,7.35,True,sheet,343
PNL-0103,MDF 12mm,Panel,MDF,12.0,False,sheet,344
PNL-0104,MDF 16mm,Panel,MDF,18.0,False,sheet,345
PNL-0105,MDF 18mm,Panel,MDF,18.0,False,sheet,346
PNL-0106,MDF 19 mm,Panel,MDF,19.0,False,sheet,347
PNL-0107,MDF 25mm,Panel,MDF,25.0,False,sheet,348
PNL-0108,MDF 32mm,Panel,MDF,18.0,False,sheet,349
PNL-0109,MDF 3mm,Panel,MDF,18.0,False,sheet,350
PNL-0110,MDF 4.75mm,Panel,MDF,4.75,False,sheet,351
PNL-0111,MDF 4mm,Panel,MDF,4.0,False,sheet,352
PNL-0112,MDF 6mm,Panel,MDF,6.0,False,sheet,353
PNL-0113,MDF 9mm,Panel,MDF,16.0,False,sheet,354
PNL-0114,"MDF, 38mm, 1549 x 3660",Panel,MDF,38.0,False,sheet,355
PNL-0115,"MDF, FE, 20.6mm, Macchiato Walnut, Macchiato Walnut",Panel,MDF,20.6,True,sheet,356
PNL-0116,"MDF, FR, 19.05 mm, Raw",Panel,MDF,19.05,False,sheet,357
PNL-0117,"MDF, FR, 20.6mm, Macchiato Walnut, Backer",Panel,MDF,20.6,True,sheet,358
PNL-0118,"MDF, RAW, 19mm",Panel,MDF,19.0,False,sheet,359
PNL-0119,"MDF, RAW, 19mm_3",Panel,MDF,19.0,False,sheet,360
PNL-0120,"MDF, White Oak G1S (A4), FC, 19mm, 1524mm x 3048mm",Panel,MDF,19.0,True,sheet,361
PNL-0121,"S-LYP035 - MDF, Black, Phenolic Backer",Panel,MDF,7.0,False,sheet,362
PNL-0122,S-LYP061-19MM MDF PRIMARY RED-WHITE,Panel,MDF,19.0,False,sheet,363
PNL-0123,S-LYP1855-38mm MDF SLATE GREY-SLATE GREY,Panel,MDF,38.0,False,sheet,364
PNL-0124,"S-LYP2205 MR50 MDF, Black - Black",Panel,MDF,19.0,False,sheet,365
PNL-0125,"S-LYP2206 MR50 MDF, Black - Backer",Panel,MDF,19.0,False,sheet,366
PNL-0126,S-LYP2215-19mm MDF Palisade Oak-Backer,Panel,MDF,19.0,True,sheet,367
PNL-0127,S-LYP2217-19mm MDF Uptown Walnut - Backer,Panel,MDF,19.0,True,sheet,368
PNL-0128,S-LYP2219-19mm MDF Solar Oak - Backer,Panel,MDF,19.0,True,sheet,369
PNL-0129,S-LYP2927-19mm mdf primary red-coal black,Panel,MDF,19.0,True,sheet,370
PNL-0130,S-LYP3009-19mm MDF Graphite-Graphite,Panel,MDF,19.0,False,sheet,371
PNL-0131,S-LYP3010 19mm MDF Graphite-Coal Black,Panel,MDF,19.0,False,sheet,372
PNL-0132,S-LYP3039-6mm MDF Studio Gray Backer,Panel,MDF,6.0,False,sheet,373
PNL-0133,"S-LYP3070 FR MDF, Danish Maple 8906-58-Backer",Panel,MDF,19.0,True,sheet,374
PNL-0134,"S-LYP3071 FR MDF, Danish Maple 8906-58-Backer",Panel,MDF,19.0,True,sheet,375
PNL-0135,S-LYP370-19MM MDF SLATE GREY-BLACK,Panel,MDF,19.0,False,sheet,376
PNL-0136,S-LYP374-19MM MDF MISSION MAPLE-BLACK,Panel,MDF,19.0,True,sheet,377
PNL-0137,S-LYP378-19MM MDF SLATE GREY-SLATE GREY,Panel,MDF,19.0,False,sheet,378
PNL-0138,"S-LYP390 MDF 19mm,Black Textured FRP- Black",Panel,MDF,20.0,False,sheet,379
PNL-0139,"S-LYP392 MDF 6mm,Black Textured FRP- Black",Panel,MDF,6.0,False,sheet,380
PNL-0140,"S-LYP922 MDF, 4mm, Black Velvet, Phenolic Backer",Panel,MDF,4.0,False,sheet,381
PNL-0141,"S-MDF005 - MDF, Raw, 3mm, 1220mm x 2438mm",Panel,MDF,3.0,False,sheet,382
PNL-0142,"S-MDF005 - MDF, Raw, 3mm, 1220mm x 2438mm_2",Panel,MDF,3.0,False,sheet,383
PNL-0143,S-MDF009 6mm MDF FC Walnut G1S,Panel,MDF,6.0,True,sheet,384
PNL-0144,S-MDF010,Panel,MDF,6.0,False,sheet,385
PNL-0145,"S-MDF010- MDF, Raw, 6mm, 1220mm x 2438mm",Panel,MDF,6.0,False,sheet,386
PNL-0146,"S-MDF015-0510 Raw MDF, 13mm",Panel,MDF,13.0,False,sheet,387
PNL-0147,S-MDF030,Panel,MDF,19.0,False,sheet,388
PNL-0148,S-MDF035,Panel,MDF,19.0,False,sheet,389
PNL-0149,S-MDF1031,Panel,MDF,25.0,True,sheet,390
PNL-0150,S-MDF1218,Panel,MDF,19.0,False,sheet,391
PNL-0151,S-MDF1219,Panel,MDF,19.0,True,sheet,392
PNL-0152,"S-MDF1249 FR MDF, RQ Walnut G2S",Panel,MDF,16.0,True,sheet,393
PNL-0153,S-MDF168,Panel,MDF,19.0,False,sheet,394
PNL-0154,S-MDF205,Panel,MDF,19.0,True,sheet,395
PNL-0155,S-MDF270 13mm MDF FC Walnut G1S,Panel,MDF,13.0,True,sheet,396
PNL-0156,"S-MDF275 MDF, Walnut G1S (A4), 19mm",Panel,MDF,19.0,True,sheet,397
PNL-0157,"S-MDF285 MDF, Walnut G2S (A1), FC, 19mm",Panel,MDF,19.0,True,sheet,398
PNL-0158,S-MDF287,Panel,MDF,6.0,True,sheet,399
PNL-0159,S-MDF295,Panel,MDF,19.0,True,sheet,400
PNL-0160,S-MDF320 19mm Medex MDF,Panel,MDF,19.0,False,sheet,401
PNL-0161,S-MDF331,Panel,MDF,19.0,False,sheet,402
PNL-0162,-13 ML1-Black Melamine_G2S (Buy Out),Panel,Melamine,12.7,False,sheet,403
PNL-0163,-19 ML1-Black Melamine_G2S (Buy Out),Panel,Melamine,19.1,False,sheet,404
PNL-0164,13 ML1-Black Melamine_G2S,Panel,Melamine,12.7,False,sheet,405
PNL-0165,13 ML1-White Melamine_G2S,Panel,Melamine,13.0,False,sheet,406
PNL-0166,13 ML1_Standard White Melamine,Panel,Melamine,12.7,False,sheet,407
PNL-0167,13 ML1_White Melamine_G2S,Panel,Melamine,13.0,False,sheet,408
PNL-0168,13mm BLK Melamine,Panel,Melamine,13.0,False,sheet,409
PNL-0169,13mm MEL HARDROCK MAPLE G2S,Panel,Melamine,13.0,True,sheet,410
PNL-0170,13MM MEL NOVA  BLK,Panel,Melamine,13.0,False,sheet,411
PNL-0171,13mm MEL WH G2S,Panel,Melamine,13.0,False,sheet,412
PNL-0172,13mm PB Hardrock Maple Mel,Panel,Melamine,13.0,True,sheet,413
PNL-0173,16 ML1-Black Melamine_G2S,Panel,Melamine,16.0,False,sheet,414
PNL-0174,16 ML1_Standard White Melamine,Panel,Melamine,15.88,False,sheet,415
PNL-0175,16 ML1_White Melamine_G2S,Panel,Melamine,16.0,False,sheet,416
PNL-0176,16mm MEL 555 WH Gloss,Panel,Melamine,16.0,False,sheet,417
PNL-0177,16mm MEL 555 WH Matte,Panel,Melamine,16.0,False,sheet,418
PNL-0178,"16mm MEL 555 WH, PL Gloss 1mm_1S",Panel,Melamine,17.0,False,sheet,419
PNL-0179,16mm MEL HARDROCK MAPLE G2S,Panel,Melamine,16.0,True,sheet,420
PNL-0180,16mm Mel Nova Black,Panel,Melamine,16.0,False,sheet,421
PNL-0181,16mm MEL NOVA WH 555 G2S,Panel,Melamine,16.0,False,sheet,422
PNL-0182,16mm MEL WH,Panel,Melamine,16.0,False,sheet,423
PNL-0183,16mm MEL WH G2S,Panel,Melamine,16.25,False,sheet,424
PNL-0184,19 Black Melamine_G2S,Panel,Melamine,19.1,False,sheet,425
PNL-0185,19 ML1 - Black Melamine,Panel,Melamine,19.1,False,sheet,426
PNL-0186,19 ML1-Black Melamine_G2S,Panel,Melamine,19.1,False,sheet,427
PNL-0187,19 ML1-White Melamine_G2S,Panel,Melamine,19.4,False,sheet,428
PNL-0188,19 ML1_Standard White Melamine,Panel,Melamine,19.1,False,sheet,429
PNL-0189,19 White Melamine G2S,Panel,Melamine,19.1,False,sheet,430
PNL-0190,19.3mm PB Buffer Melamine,Panel,Melamine,19.3,False,sheet,431
PNL-0191,19mm BLK Melamine,Panel,Melamine,19.0,False,sheet,432
PNL-0192,19mm MEL BL G2S,Panel,Melamine,19.0,False,sheet,433
PNL-0193,19mm MEL HARDROCK MAPLE G2S,Panel,Melamine,18.25,True,sheet,434
PNL-0194,19mm Mel Nova Black,Panel,Melamine,19.0,False,sheet,435
PNL-0195,19MM MEL NOVA WHITE,Panel,Melamine,19.0,False,sheet,436
PNL-0196,19mm MEL WH G2S,Panel,Melamine,19.0,False,sheet,437
PNL-0197,19mm MEL WH G2S_1,Panel,Melamine,19.0,False,sheet,438
PNL-0198,19mm Melamine,Panel,Melamine,19.0,False,sheet,439
PNL-0199,19mm Natura -White 4x8 Melamine,Panel,Melamine,19.0,True,sheet,440
PNL-0200,19mm PB Black_Black MEl,Panel,Melamine,20.0,False,sheet,441
PNL-0201,19mm PB Mel Ultra Matte White,Panel,Melamine,19.0,False,sheet,442
PNL-0202,25mm MEL HARDROCK MAPLE G2S,Panel,Melamine,25.0,True,sheet,443
PNL-0203,25mm MEL WH G2S,Panel,Melamine,25.0,False,sheet,444
PNL-0204,25mm MEL WH Matte,Panel,Melamine,25.0,False,sheet,445
PNL-0205,25mm Natura Melamine G2S,Panel,Melamine,25.0,True,sheet,446
PNL-0206,290 Classic Maple Melamine 16mm 2S,Panel,Melamine,16.0,True,sheet,447
PNL-0207,290 Classic Maple Melamine 19mm 2S,Panel,Melamine,19.0,True,sheet,448
PNL-0208,3.2mm Melamine,Panel,Melamine,3.2,False,sheet,449
PNL-0209,32 ML1_White Melamine_G2S,Panel,Melamine,32.0,False,sheet,450
PNL-0210,32mm MEL NOVA WH 555 x 2,Panel,Melamine,32.0,False,sheet,451
PNL-0211,38.1 Black Melamine_G2S,Panel,Melamine,38.1,False,sheet,452
PNL-0212,6 ML1 - Black Melamine,Panel,Melamine,6.0,False,sheet,453
PNL-0213,6 ML1-Black Melamine_G2S,Panel,Melamine,6.35,False,sheet,454
PNL-0214,6 ML1-White Melamine_G2S,Panel,Melamine,6.0,False,sheet,455
PNL-0215,6 ML1_White Melamine_G2S,Panel,Melamine,6.0,False,sheet,456
PNL-0216,6mm MEL BLACK G1S,Panel,Melamine,6.0,False,sheet,457
PNL-0217,6mm MEL WH G1S,Panel,Melamine,6.0,False,sheet,458
PNL-0218,Brass Band Melamine 19mm G2S,Panel,Melamine,19.0,True,sheet,459
PNL-0219,Cactus Textile 19mm Melamine,Panel,Melamine,19.0,False,sheet,460
PNL-0220,Canvas K21 19mm Melamine,Panel,Melamine,19.0,False,sheet,461
PNL-0221,Chakra K74 19 mm Melamine,Panel,Melamine,19.0,True,sheet,462
PNL-0222,First Dance Melamine 19mm G2S,Panel,Melamine,19.0,True,sheet,463
PNL-0223,Karisma Kiss Curl 19 mm Melamine,Panel,Melamine,19.0,True,sheet,464
PNL-0224,"PB, 38mm, Raw, Wh MEl",Panel,Melamine,38.0,False,sheet,465
PNL-0225,"PB, Melamine, 19mm, L203 Black",Panel,Melamine,19.3,False,sheet,466
PNL-0226,"PB, Melamine, 19mm, L581 Sheer Beauty",Panel,Melamine,19.3,True,sheet,467
PNL-0227,"PB, Melamine, 19mm, L761 Moonlight Gray",Panel,Melamine,19.3,False,sheet,468
PNL-0228,"PB, Melamine, 19mm, L765 Midnight Sun",Panel,Melamine,19.3,False,sheet,469
PNL-0229,"PB, Melamine, Black, 13mm",Panel,Melamine,13.0,False,sheet,470
PNL-0230,"PB, Melamine, Black, 16mm",Panel,Melamine,16.0,False,sheet,471
PNL-0231,"PB, Melamine, Black, 19mm",Panel,Melamine,19.3,False,sheet,472
PNL-0232,"PB, Melamine, PL-756 Natural Maple, G1S",Panel,Melamine,20.0,True,sheet,473
PNL-0233,"PB, Melamine, White, 13mm",Panel,Melamine,13.0,False,sheet,474
PNL-0234,"PB, Melamine, White, 13mm_4",Panel,Melamine,13.0,False,sheet,475
PNL-0235,"PB, Melamine, White, 19mm",Panel,Melamine,19.0,False,sheet,476
PNL-0236,"PB, Melamine, White, 949C-58 White",Panel,Melamine,20.0,False,sheet,477
PNL-0237,"PB, Melamine,19mm, Buffer, Post Lam",Panel,Melamine,20.0,False,sheet,478
PNL-0238,"PB_ Melamine, White, G2S_38mm",Panel,Melamine,38.0,False,sheet,479
PNL-0239,"PB_Melamine, A Good Book_Wood Essence, G2S_12mm",Panel,Melamine,13.0,True,sheet,480
PNL-0240,"PB_Melamine, A Good Book_Wood Essence, G2S_16mm",Panel,Melamine,16.0,True,sheet,481
PNL-0241,"PB_Melamine, A Good Book_Wood Essence, G2S_19mm",Panel,Melamine,19.0,True,sheet,482
PNL-0242,S-PB051_13mm Natura Melamine 5x8 G2S,Panel,Melamine,13.0,True,sheet,483
PNL-0243,S-PB051_13mm Natura Melamine 5x8 G2S_1,Panel,Melamine,13.0,True,sheet,484
PNL-0244,S-PB151_19mm Natura Melamine 4x8 G2S,Panel,Melamine,19.0,True,sheet,485
PNL-0245,S-PB152_19mm Natura Melamine 5x8 G2S,Panel,Melamine,19.0,True,sheet,486
PNL-0246,S-PB310_25mm Nova White Melamine 4x8 G2S,Panel,Melamine,25.0,False,sheet,487
PNL-0247,S-PB311_25mm Nova White Melamine 5x8 G2S,Panel,Melamine,25.0,False,sheet,488
PNL-0248,S-PB313-0509-Black Melamine,Panel,Melamine,19.0,False,sheet,489
PNL-0249,S-PB340 Mel,Panel,Melamine,19.0,False,sheet,490
PNL-0250,S-PB340-19MM PB WH MEL,Panel,Melamine,19.0,False,sheet,491
PNL-0251,S-PB342-25MM PB WH MEL,Panel,Melamine,25.0,False,sheet,492
PNL-0252,S-PB395_25mm_PB_White Melamine,Panel,Melamine,25.0,False,sheet,493
PNL-0253,"S-PBWF, Melamine, Winter Fun",Panel,Melamine,19.0,True,sheet,494
PNL-0254,Sheer Beauty Melamine 19mm G2S,Panel,Melamine,19.0,True,sheet,495
PNL-0255,Shiraz Cherry Melamine 19mm G2S,Panel,Melamine,19.0,True,sheet,496
PNL-0256,Smokewood K04 19mm Melamine,Panel,Melamine,19.0,True,sheet,497
PNL-0257,White Melamine 12mm 1S,Panel,Melamine,12.0,False,sheet,498
PNL-0258,White Melamine 12mm 2S,Panel,Melamine,16.0,False,sheet,499
PNL-0259,White Melamine 16mm 1S,Panel,Melamine,16.0,False,sheet,500
PNL-0260,White Melamine 16mm 2S,Panel,Melamine,16.0,False,sheet,501
PNL-0261,White Melamine 18mm 1S,Panel,Melamine,18.0,False,sheet,502
PNL-0262,White Melamine 18mm 2S,Panel,Melamine,18.0,False,sheet,503
PNL-0263,White Melamine 19mm 2S,Panel,Melamine,19.0,False,sheet,504
PNL-0264,White Melamine 25mm 1S,Panel,Melamine,25.0,False,sheet,505
PNL-0265,White Melamine 25mm 2S,Panel,Melamine,25.0,False,sheet,506
PNL-0266,White Melamine 32mm 1S,Panel,Melamine,32.0,False,sheet,507
PNL-0267,White Melamine 32mm 2S,Panel,Melamine,18.0,False,sheet,508
PNL-0268,White Melamine 6mm 1S,Panel,Melamine,6.0,False,sheet,509
PNL-0269,White Melamine 6mm 2S,Panel,Melamine,6.0,False,sheet,510
PNL-0270,White Melamine 9mm 1S,Panel,Melamine,9.0,False,sheet,511
PNL-0271,White Melamine 9mm 2S,Panel,Melamine,18.0,False,sheet,512
PNL-0272,-13 ML1-Beige ELM_G2S (Buy Out),Panel,Other Panel,12.7,True,sheet,513
PNL-0273,-17.5 Core Liner-PL1 Grain,Panel,Other Panel,19.05,True,sheet,514
PNL-0274,-17.5 Core Liner-PL1 Solid,Panel,Other Panel,19.05,False,sheet,515
PNL-0275,-19 ML1-Beige ELM_G2S (Buy Out),Panel,Other Panel,19.1,True,sheet,516
PNL-0276,-LED Wire Drilling,Panel,Other Panel,19.0,False,sheet,517
PNL-0277,-Walls,Panel,Other Panel,,True,sheet,518
PNL-0278,1 PL2-Tuxedo,Panel,Other Panel,1.0,False,sheet,519
PNL-0279,12 Core PL1-Backer Grain,Panel,Other Panel,12.7,True,sheet,520
PNL-0280,12 Core PL1-Backer Solid,Panel,Other Panel,12.7,False,sheet,521
PNL-0281,12 Core PL1-Liner Grain,Panel,Other Panel,12.7,True,sheet,522
PNL-0282,12 Core PL1-Liner Solid,Panel,Other Panel,12.7,False,sheet,523
PNL-0283,12 Core PL1-PL1 Grain,Panel,Other Panel,12.7,True,sheet,524
PNL-0284,12 Core PL1-PL1 Solid,Panel,Other Panel,12.7,False,sheet,525
PNL-0285,12mm Glacier White,Panel,Other Panel,12.0,False,sheet,526
PNL-0286,13 CR1,Panel,Other Panel,13.0,False,sheet,527
PNL-0287,13 CR1_White_G2S,Panel,Other Panel,12.7,False,sheet,528
PNL-0288,13 ML1-Beige ELM_G2S,Panel,Other Panel,12.7,True,sheet,529
PNL-0289,13 ML1-Nova White_G2S,Panel,Other Panel,13.0,False,sheet,530
PNL-0290,13 ML1_White_G2S,Panel,Other Panel,12.7,False,sheet,531
PNL-0291,13 ML2 - ClassicBlack_G2S,Panel,Other Panel,13.0,False,sheet,532
PNL-0292,13 ML4 - Good Book_G2S,Panel,Other Panel,13.0,True,sheet,533
PNL-0293,13 SSM-Linen,Panel,Other Panel,13.0,False,sheet,534
PNL-0294,13 SSM-Urban Habitat,Panel,Other Panel,13.0,False,sheet,535
PNL-0295,13 SSM2-Snow White,Panel,Other Panel,13.0,False,sheet,536
PNL-0296,13 WD01,Panel,Other Panel,12.7,True,sheet,537
PNL-0297,13 WD01 - White Oak Base,Panel,Other Panel,13.0,True,sheet,538
PNL-0298,13 WD04-Red Oak (Flat Cut),Panel,Other Panel,13.0,True,sheet,539
PNL-0299,13 WV01 - White Oak_G1S,Panel,Other Panel,13.0,True,sheet,540
PNL-0300,13 WV02 - Red Oak_G1S,Panel,Other Panel,13.0,True,sheet,541
PNL-0301,13 WV04-Red Oak (Flat Cut)_G1S,Panel,Other Panel,13.0,True,sheet,542
PNL-0302,13mm Matt Black,Panel,Other Panel,13.0,False,sheet,543
PNL-0303,13mm Morning Ice,Panel,Other Panel,12.0,False,sheet,544
PNL-0304,16 ML1-Beige ELM_G2S,Panel,Other Panel,16.0,True,sheet,545
PNL-0305,16 ML1-Tuxedo_G2S,Panel,Other Panel,16.0,True,sheet,546
PNL-0306,16 ML1-Tuxedo_G2S(Narrow trim),Panel,Other Panel,16.0,True,sheet,547
PNL-0307,16 ML1_White_G2S,Panel,Other Panel,16.0,False,sheet,548
PNL-0308,16 ML2-Hardrock Maple_G2S,Panel,Other Panel,16.0,True,sheet,549
PNL-0309,16 ML2-Nova White_G2S,Panel,Other Panel,16.0,False,sheet,550
PNL-0310,16 ML2-Nova White_G2S_1,Panel,Other Panel,16.0,False,sheet,551
PNL-0311,16 ML4 - Good Book_G2S,Panel,Other Panel,16.0,True,sheet,552
PNL-0312,16MM BB BLACK-BLACK(OFFCUTS),Panel,Other Panel,16.0,False,sheet,553
PNL-0313,16MM TAFISA GLACIER WHITE-OFFCUT,Panel,Other Panel,16.0,False,sheet,554
PNL-0314,16mm Tafisa L191 Glacier white,Panel,Other Panel,16.0,False,sheet,555
PNL-0315,17.5 Core Liner-PL1 Grain,Panel,Other Panel,19.05,True,sheet,556
PNL-0316,17.5 Core Liner-PL1 Solid,Panel,Other Panel,19.05,False,sheet,557
PNL-0317,17.5 Core PL1-Backer Grain,Panel,Other Panel,19.05,True,sheet,558
PNL-0318,17.5 Core PL1-Backer Solid,Panel,Other Panel,19.05,False,sheet,559
PNL-0319,17.5 Core PL1-Liner Grain,Panel,Other Panel,19.05,True,sheet,560
PNL-0320,17.5 Core PL1-Liner Solid,Panel,Other Panel,19.05,False,sheet,561
PNL-0321,17.5 Core PL1-PL1 Grain,Panel,Other Panel,19.05,True,sheet,562
PNL-0322,17.5 Core PL1-PL1 Solid,Panel,Other Panel,19.05,False,sheet,563
PNL-0323,18 Bender Board,Panel,Other Panel,18.0,False,sheet,564
PNL-0324,18 Scrap Material,Panel,Other Panel,18.0,False,sheet,565
PNL-0325,19 ML01_Superior White,Panel,Other Panel,19.1,False,sheet,566
PNL-0326,19 ML01_Superior white #W100,Panel,Other Panel,19.1,False,sheet,567
PNL-0327,19 ML1-Beige ELM_G2S,Panel,Other Panel,19.1,True,sheet,568
PNL-0328,19 ML1-Latitude North_G2S,Panel,Other Panel,19.1,True,sheet,569
PNL-0329,19 ML1-Nova White_G2S,Panel,Other Panel,19.1,False,sheet,570
PNL-0330,19 ML1_White_G2S,Panel,Other Panel,19.1,False,sheet,571
PNL-0331,19 ML2 - ClassicBlack_G2S,Panel,Other Panel,19.1,False,sheet,572
PNL-0332,19 ML2-Hardrock Maple_G2S,Panel,Other Panel,19.1,True,sheet,573
PNL-0333,19 ML3-Kiss Curl_G2S,Panel,Other Panel,19.1,True,sheet,574
PNL-0334,19 ML4 - Good Book_G2S,Panel,Other Panel,19.1,True,sheet,575
PNL-0335,19 PL-White Sand(Buyout),Panel,Other Panel,19.0,False,sheet,576
PNL-0336,19 PL1-Paloma Polar PF Ct (Buyout),Panel,Other Panel,19.0,True,sheet,577
PNL-0337,19 PT1-SW#....._G2S,Panel,Other Panel,19.1,False,sheet,578
PNL-0338,19 PT1_White Oak_G1S,Panel,Other Panel,18.5,True,sheet,579
PNL-0339,19 PT1_White Oak_G2S,Panel,Other Panel,18.5,True,sheet,580
PNL-0340,19 SB1_White_G2S,Panel,Other Panel,19.1,False,sheet,581
PNL-0341,19 SB2_Grey_G2S,Panel,Other Panel,19.1,False,sheet,582
PNL-0342,19 Stock-PB(Extra),Panel,Other Panel,19.0,False,sheet,583
PNL-0343,19 WD01 - White Oak Base,Panel,Other Panel,19.0,True,sheet,584
PNL-0344,19 WD02,Panel,Other Panel,19.0,True,sheet,585
PNL-0345,19 WD04,Panel,Other Panel,19.0,True,sheet,586
PNL-0346,19 WD04-Red Oak (Flat Cut),Panel,Other Panel,19.0,True,sheet,587
PNL-0347,19 WD1_Walnut,Panel,Other Panel,19.1,True,sheet,588
PNL-0348,19 WV1_White Oak_G1S,Panel,Other Panel,18.5,True,sheet,589
PNL-0349,19 WV1_White Oak_G2S,Panel,Other Panel,18.5,True,sheet,590
PNL-0350,19mm Chamelion G2S,Panel,Other Panel,18.25,True,sheet,591
PNL-0351,19mm L588 Tafisa Wood Grain,Panel,Other Panel,19.0,True,sheet,592
PNL-0352,19mm Matt Black,Panel,Other Panel,19.0,False,sheet,593
PNL-0353,19mm PL4-BK,Panel,Other Panel,19.0,True,sheet,594
PNL-0354,19mm ROCKY MOUNTAIN,Panel,Other Panel,19.0,True,sheet,595
PNL-0355,19MM ROCKY MOUNTAIN-5x8,Panel,Other Panel,19.0,True,sheet,596
PNL-0356,19MM ROCKY MOUNTAIN-5x9,Panel,Other Panel,19.0,True,sheet,597
PNL-0357,19MM SV1-SV1(OFFCUT 2),Panel,Other Panel,19.0,True,sheet,598
PNL-0358,19MM WOOD VENNER WALNUT G1S,Panel,Other Panel,19.0,True,sheet,599
PNL-0359,1inch. Insulated Sheets,Panel,Other Panel,25.4,True,sheet,600
PNL-0360,23 mm Solid,Panel,Other Panel,23.0,False,sheet,601
PNL-0361,25 Core Liner-PL1 Grain,Panel,Other Panel,25.4,True,sheet,602
PNL-0362,25 Core Liner-PL1 Solid,Panel,Other Panel,25.4,False,sheet,603
PNL-0363,25 Core PL1-Liner Grain,Panel,Other Panel,25.4,True,sheet,604
PNL-0364,25 Core PL1-Liner Solid,Panel,Other Panel,25.4,False,sheet,605
PNL-0365,25 Core PL1-PL1 Grain,Panel,Other Panel,25.4,True,sheet,606
PNL-0366,25 Core PL1-PL1 Solid,Panel,Other Panel,25.4,False,sheet,607
PNL-0367,25 ML01_Superior White,Panel,Other Panel,25.4,False,sheet,608
PNL-0368,25 ML1-Latitude North_G2S,Panel,Other Panel,25.4,True,sheet,609
PNL-0369,25 ML1-Nova White_G2S,Panel,Other Panel,25.4,False,sheet,610
PNL-0370,25 ML2 - ClassicBlack_G2S,Panel,Other Panel,25.4,False,sheet,611
PNL-0371,25 ML3-Kiss Curl_G2S,Panel,Other Panel,25.4,True,sheet,612
PNL-0372,25 mm Solid,Panel,Other Panel,25.0,False,sheet,613
PNL-0373,25 WD01,Panel,Other Panel,25.0,True,sheet,614
PNL-0374,25 WD04,Panel,Other Panel,25.4,True,sheet,615
PNL-0375,25 WHITE-WHITE G1S,Panel,Other Panel,25.0,False,sheet,616
PNL-0376,30mm Quartz Santenay Honed,Panel,Other Panel,30.0,False,sheet,617
PNL-0377,32 ML1-Tuxedo_G2S,Panel,Other Panel,32.0,True,sheet,618
PNL-0378,32mm Buildup Mat  WH Gloss_1S,Panel,Other Panel,32.0,False,sheet,619
PNL-0379,32mm Buildup Mat  WH Gloss_2S,Panel,Other Panel,32.0,False,sheet,620
PNL-0380,32mm Buildup Mat  WH Matt_2S,Panel,Other Panel,32.0,False,sheet,621
PNL-0381,35 mm Solid,Panel,Other Panel,35.0,False,sheet,622
PNL-0382,38 Core PL1-Liner Grain,Panel,Other Panel,38.1,True,sheet,623
PNL-0383,38 Core PL1-Liner Solid,Panel,Other Panel,38.1,False,sheet,624
PNL-0384,38 Core PL1-PL1 Grain,Panel,Other Panel,38.1,True,sheet,625
PNL-0385,38 Core PL1-PL1 Solid,Panel,Other Panel,38.1,False,sheet,626
PNL-0386,38 PL-White Sand(Buyout),Panel,Other Panel,38.0,False,sheet,627
PNL-0387,38 PL1-Paloma Polar PF Ct (Buyout),Panel,Other Panel,38.0,True,sheet,628
PNL-0388,38MM BLK-BLK,Panel,Other Panel,38.0,False,sheet,629
PNL-0389,38mm layed up material,Panel,Other Panel,38.0,False,sheet,630
PNL-0390,3mm Black Masonite,Panel,Other Panel,3.0,False,sheet,631
PNL-0391,3mm Masonite WH,Panel,Other Panel,3.0,False,sheet,632
PNL-0392,3MM WHITE-4X8,Panel,Other Panel,3.0,False,sheet,633
PNL-0393,3MM WHITE-5X8,Panel,Other Panel,3.0,False,sheet,634
PNL-0394,5 Wiggle Board,Panel,Other Panel,5.0,True,sheet,635
PNL-0395,51MM layed up material_1,Panel,Other Panel,51.0,True,sheet,636
PNL-0396,6 Core PL1-Backer Grain,Panel,Other Panel,6.35,True,sheet,637
PNL-0397,6 Core PL1-Backer Solid,Panel,Other Panel,6.35,False,sheet,638
PNL-0398,6 Core PL1-Liner Grain,Panel,Other Panel,6.35,True,sheet,639
PNL-0399,6 Core PL1-Liner Solid,Panel,Other Panel,6.35,False,sheet,640
PNL-0400,6 Core PL1-PL1 Grain,Panel,Other Panel,6.35,True,sheet,641
PNL-0401,6 Core PL1-PL1 Solid,Panel,Other Panel,6.35,False,sheet,642
PNL-0402,6 Glass Shelf (Buyout),Panel,Other Panel,6.35,False,sheet,643
PNL-0403,6 Masonite,Panel,Other Panel,6.0,False,sheet,644
PNL-0404,6 ML01_Superior White,Panel,Other Panel,6.35,False,sheet,645
PNL-0405,6 ML1-Beige ELM_G2S,Panel,Other Panel,6.35,True,sheet,646
PNL-0406,6 ML1-Nova White_G2S,Panel,Other Panel,6.0,False,sheet,647
PNL-0407,6 ML2 - ClassicBlack_G2S,Panel,Other Panel,6.0,False,sheet,648
PNL-0408,6 ML2-Nova White_G2S,Panel,Other Panel,6.35,False,sheet,649
PNL-0409,6 Tempered Glass,Panel,Other Panel,6.0,False,sheet,650
PNL-0410,6 White Fibrex,Panel,Other Panel,5.5,False,sheet,651
PNL-0411,6mm Black Masonite,Panel,Other Panel,6.5,False,sheet,652
PNL-0412,6mm Clear Acrylic,Panel,Other Panel,6.0,False,sheet,653
PNL-0413,6mm Masonite WH,Panel,Other Panel,6.0,False,sheet,654
PNL-0414,6mm_White Masonite,Panel,Other Panel,6.0,False,sheet,655
PNL-0415,8 Wiggle Board,Panel,Other Panel,8.0,True,sheet,656
PNL-0416,Acrylic Box - Buyout,Panel,Other Panel,6.0,False,sheet,657
PNL-0417,Amari Oak 18,Panel,Other Panel,18.0,True,sheet,658
PNL-0418,Amari Oak 6,Panel,Other Panel,6.0,True,sheet,659
PNL-0419,Bender Board 18mm,Panel,Other Panel,18.0,False,sheet,660
PNL-0420,Black Soft Touch 18mm 1S,Panel,Other Panel,18.0,False,sheet,661
PNL-0421,Brushed Walnut 19 mm,Panel,Other Panel,19.05,True,sheet,662
PNL-0422,Default_Solid_Wood,Panel,Other Panel,19.0,True,sheet,663
PNL-0423,FB-216,Panel,Other Panel,10.0,False,sheet,664
PNL-0424,Fog Grey  16mm G2S,Panel,Other Panel,16.0,False,sheet,665
PNL-0425,FORMICA 5782-NG FORMAL WALLNUT,Panel,Other Panel,19.0,True,sheet,666
PNL-0426,Free Spirit 19mm 1S,Panel,Other Panel,19.0,False,sheet,667
PNL-0427,"Granite, 38mm",Panel,Other Panel,38.0,True,sheet,668
PNL-0428,Grey HG 18mm 1S,Panel,Other Panel,18.0,False,sheet,669
PNL-0429,Ice Grey SM 18mm 2S,Panel,Other Panel,18.0,False,sheet,670
PNL-0430,L203 Black 18mm 2S,Panel,Other Panel,19.0,False,sheet,671
PNL-0431,Light Cream HG 18mm 1S,Panel,Other Panel,18.0,False,sheet,672
PNL-0432,Light Grey HG 18mm 1S,Panel,Other Panel,18.0,False,sheet,673
PNL-0433,Loose PL1-Dove Grey,Panel,Other Panel,1.0,False,sheet,674
PNL-0434,Loose_PL2-Pewter Finish,Panel,Other Panel,1.0,True,sheet,675
PNL-0435,Matt Delphi Oak 18mm 2S,Panel,Other Panel,18.0,True,sheet,676
PNL-0436,Matt Teak G2S Panel 18 mm,Panel,Other Panel,18.0,True,sheet,677
PNL-0437,Midnight Sun Matt 19mm G1S,Panel,Other Panel,19.0,False,sheet,678
PNL-0438,Morning Dew 16mm G1S,Panel,Other Panel,16.0,False,sheet,679
PNL-0439,Morning Dew 19mm G1S,Panel,Other Panel,19.0,False,sheet,680
PNL-0440,Navy Blue ST 18mm 1S,Panel,Other Panel,18.0,False,sheet,681
PNL-0441,New Grey ST 18mm 2S,Panel,Other Panel,18.0,False,sheet,682
PNL-0442,"PB, 17mm, PL-Black, Backer",Panel,Other Panel,19.0,False,sheet,683
PNL-0443,"PB, 17mm_PL-3_ PL-3_19mm",Panel,Other Panel,19.0,True,sheet,684
PNL-0444,"PB, 17mm_PL-4_ PL-4_19mm",Panel,Other Panel,19.0,True,sheet,685
PNL-0445,"PB, 19mm, Black, Raw",Panel,Other Panel,19.0,False,sheet,686
PNL-0446,"PB, 19mm, PL-837Graphite, PL-837Graphite",Panel,Other Panel,20.6,False,sheet,687
PNL-0447,"PB, 30mm, PL-White, Backer",Panel,Other Panel,30.0,False,sheet,688
PNL-0448,"PB, 38mm, FC, White Oak, G2S, 1220 x 2440",Panel,Other Panel,38.0,True,sheet,689
PNL-0449,"PB, Raw, 17.6mm",Panel,Other Panel,17.6,False,sheet,690
PNL-0450,"PB, RAW, 17mm",Panel,Other Panel,17.0,False,sheet,691
PNL-0451,"PB, Raw, 17mm, 1244mm x 2463mm",Panel,Other Panel,17.6,False,sheet,692
PNL-0452,"PB, Raw, 19mm",Panel,Other Panel,19.3,False,sheet,693
PNL-0453,"PB, Raw, 25mm",Panel,Other Panel,25.4,False,sheet,694
PNL-0454,"PB, White Oak G1S (A), FC, 13mm",Panel,Other Panel,12.0,True,sheet,695
PNL-0455,"PB, White Oak G1S (A), FC, 19mm",Panel,Other Panel,19.0,True,sheet,696
PNL-0456,"PB, White Oak G2S (A), FC, 19mm",Panel,Other Panel,19.0,True,sheet,697
PNL-0457,"PB, White Oak G2S (A), FC, 25mm",Panel,Other Panel,25.0,True,sheet,698
PNL-0458,"PB, White Oak,FC, G2S, 38mm",Panel,Other Panel,38.0,True,sheet,699
PNL-0459,"PB,19mm, Graphite,Backer",Panel,Other Panel,19.0,False,sheet,700
PNL-0460,"PB,19mm,Argento Romano,G1S",Panel,Other Panel,19.0,False,sheet,701
PNL-0461,"PB,19mm,Argento Romano,G2S",Panel,Other Panel,19.0,False,sheet,702
PNL-0462,"PB,38mm,Argento Romano, Backer",Panel,Other Panel,38.0,False,sheet,703
PNL-0463,"PB,FR, 17mm, Black_ Black_19mm",Panel,Other Panel,20.0,False,sheet,704
PNL-0464,"PF, PL, AHI Walnut Heights, 3142-B",Panel,Other Panel,1.0,True,sheet,705
PNL-0465,"PL 1mm, Nova White 555",Panel,Other Panel,1.0,True,sheet,706
PNL-0466,"PL 3mm,  White",Panel,Other Panel,3.0,True,sheet,707
PNL-0467,PL 555 White Gloss,Panel,Other Panel,1.0,False,sheet,708
PNL-0468,PL 555 White Matte,Panel,Other Panel,1.0,False,sheet,709
PNL-0469,PL P33 Gray,Panel,Other Panel,1.0,False,sheet,710
PNL-0470,PL-Black L203,Panel,Other Panel,0.8,False,sheet,711
PNL-0471,PL-Formica 756 Natural Maple,Panel,Other Panel,0.8,True,sheet,712
PNL-0472,PL-Formica 912-58 Storm Grey Matte,Panel,Other Panel,1.0,False,sheet,713
PNL-0473,PL-Formica 949 Satin White,Panel,Other Panel,1.0,False,sheet,714
PNL-0474,PL-Formica Colorcore 949C-58 White Matte,Panel,Other Panel,1.0,False,sheet,715
PNL-0475,PL-Formica Decometal M2022 Brushed Aluminum,Panel,Other Panel,1.0,True,sheet,716
PNL-0476,PL-PANTONE 1788C Satin Red,Panel,Other Panel,0.75,False,sheet,717
PNL-0477,PL-Tafisa PM765 Midnight Sun,Panel,Other Panel,1.0,False,sheet,718
PNL-0478,PL-W002 Vinyl Panels,Panel,Other Panel,19.0,True,sheet,719
PNL-0479,PL1 - Loose,Panel,Other Panel,1.0,False,sheet,720
PNL-0480,PL1_Slavonia Oak,Panel,Other Panel,1.0,False,sheet,721
PNL-0481,PL2 - Loose,Panel,Other Panel,1.0,True,sheet,722
PNL-0482,Plastic Board,Panel,Other Panel,18.75,False,sheet,723
PNL-0483,Quarry SF252 19mm 2S,Panel,Other Panel,19.0,False,sheet,724
PNL-0484,Rift Cut White Oak 19 mm G1S,Panel,Other Panel,19.0,True,sheet,725
PNL-0485,Rift Cut White Oak 19 mm G2S,Panel,Other Panel,19.0,True,sheet,726
PNL-0486,Rocky Mountain 19mm G2S,Panel,Other Panel,19.0,True,sheet,727
PNL-0487,S-AC002,Panel,Other Panel,3.0,False,sheet,728
PNL-0488,S-AC005-6MM ACRYLIC,Panel,Other Panel,6.0,False,sheet,729
PNL-0489,S-LYP025,Panel,Other Panel,6.0,False,sheet,730
PNL-0490,S-LYP055,Panel,Other Panel,38.0,False,sheet,731
PNL-0491,S-LYP055_3,Panel,Other Panel,38.0,False,sheet,732
PNL-0492,S-LYP056,Panel,Other Panel,38.0,False,sheet,733
PNL-0493,S-LYP075,Panel,Other Panel,16.0,False,sheet,734
PNL-0494,S-LYP075-16MM BB BLACK-BLACK,Panel,Other Panel,16.0,False,sheet,735
PNL-0495,S-LYP080 - 16mm BB White -White,Panel,Other Panel,16.0,False,sheet,736
PNL-0496,S-LYP1161,Panel,Other Panel,19.0,False,sheet,737
PNL-0497,S-LYP1163,Panel,Other Panel,19.0,False,sheet,738
PNL-0498,S-LYP1171,Panel,Other Panel,19.0,False,sheet,739
PNL-0499,S-LYP1172,Panel,Other Panel,19.0,False,sheet,740
PNL-0500,S-LYP1420,Panel,Other Panel,13.5,True,sheet,741
PNL-0501,S-LYP1421,Panel,Other Panel,19.75,True,sheet,742
PNL-0502,S-LYP1422,Panel,Other Panel,19.5,True,sheet,743
PNL-0503,S-LYP1424,Panel,Other Panel,19.0,True,sheet,744
PNL-0504,S-LYP1491,Panel,Other Panel,25.0,False,sheet,745
PNL-0505,S-LYP1555 19mm Mission Maple_Backer,Panel,Other Panel,19.0,True,sheet,746
PNL-0506,S-LYP1556,Panel,Other Panel,19.0,True,sheet,747
PNL-0507,S-LYP191,Panel,Other Panel,19.0,False,sheet,748
PNL-0508,S-LYP2176,Panel,Other Panel,19.0,False,sheet,749
PNL-0509,S-LYP2178,Panel,Other Panel,19.0,False,sheet,750
PNL-0510,S-LYP2179,Panel,Other Panel,16.0,False,sheet,751
PNL-0511,S-LYP2185,Panel,Other Panel,19.0,False,sheet,752
PNL-0512,S-LYP2186,Panel,Other Panel,19.0,False,sheet,753
PNL-0513,S-LYP2205,Panel,Other Panel,19.0,False,sheet,754
PNL-0514,S-LYP2206,Panel,Other Panel,19.0,False,sheet,755
PNL-0515,S-LYP2212-0510,Panel,Other Panel,19.0,True,sheet,756
PNL-0516,S-LYP2213,Panel,Other Panel,19.0,True,sheet,757
PNL-0517,S-LYP2214,Panel,Other Panel,32.0,True,sheet,758
PNL-0518,S-LYP2214-30mm Modern Mocha Cherry-Backer,Panel,Other Panel,30.0,True,sheet,759
PNL-0519,S-LYP2214-30mm Modern Mocha Cherry-Backer_3,Panel,Other Panel,30.0,True,sheet,760
PNL-0520,S-LYP2215,Panel,Other Panel,19.0,True,sheet,761
PNL-0521,S-LYP2217,Panel,Other Panel,19.0,True,sheet,762
PNL-0522,S-LYP2219,Panel,Other Panel,19.0,True,sheet,763
PNL-0523,S-LYP2440,Panel,Other Panel,38.0,True,sheet,764
PNL-0524,S-LYP2441,Panel,Other Panel,38.0,True,sheet,765
PNL-0525,S-LYP2442,Panel,Other Panel,19.0,True,sheet,766
PNL-0526,S-LYP2952,Panel,Other Panel,19.0,True,sheet,767
PNL-0527,S-LYP2965-16MM,Panel,Other Panel,16.0,False,sheet,768
PNL-0528,S-LYP2974,Panel,Other Panel,19.0,False,sheet,769
PNL-0529,S-LYP3006-16mm BB Graphite-Black,Panel,Other Panel,16.0,False,sheet,770
PNL-0530,S-LYP3035,Panel,Other Panel,19.0,True,sheet,771
PNL-0531,S-LYP320,Panel,Other Panel,19.0,False,sheet,772
PNL-0532,S-LYP375,Panel,Other Panel,19.0,False,sheet,773
PNL-0533,S-LYP385,Panel,Other Panel,19.0,False,sheet,774
PNL-0534,S-LYP386,Panel,Other Panel,7.0,False,sheet,775
PNL-0535,S-LYP387,Panel,Other Panel,7.0,False,sheet,776
PNL-0536,S-LYP388,Panel,Other Panel,38.0,False,sheet,777
PNL-0537,S-LYP390,Panel,Other Panel,19.0,False,sheet,778
PNL-0538,S-LYP392,Panel,Other Panel,7.0,False,sheet,779
PNL-0539,S-LYP515,Panel,Other Panel,19.0,False,sheet,780
PNL-0540,S-PB005,Panel,Other Panel,12.0,False,sheet,781
PNL-0541,S-PB015,Panel,Other Panel,17.0,False,sheet,782
PNL-0542,S-PB015-0510,Panel,Other Panel,17.0,False,sheet,783
PNL-0543,S-PB026,Panel,Other Panel,19.0,False,sheet,784
PNL-0544,S-PB040_13MM_MEL_NOVA  WHITE,Panel,Other Panel,13.0,False,sheet,785
PNL-0545,S-PB041_13MM_MEL_NOVA  WHITE,Panel,Other Panel,13.0,False,sheet,786
PNL-0546,S-PB041_13MM_MEL_NOVA  WHITE_1,Panel,Other Panel,13.0,False,sheet,787
PNL-0547,S-PB155,Panel,Other Panel,19.0,True,sheet,788
PNL-0548,S-PB165,Panel,Other Panel,19.0,True,sheet,789
PNL-0549,S-PB230,Panel,Other Panel,13.0,True,sheet,790
PNL-0550,S-PB235-0409,Panel,Other Panel,19.0,True,sheet,791
PNL-0551,S-PB235-0512,Panel,Other Panel,19.0,True,sheet,792
PNL-0552,S-PB338,Panel,Other Panel,12.0,False,sheet,793
PNL-0553,S-PB339,Panel,Other Panel,16.0,False,sheet,794
PNL-0554,S-PB340,Panel,Other Panel,19.0,False,sheet,795
PNL-0555,S-PB980,Panel,Other Panel,13.0,True,sheet,796
PNL-0556,S-PL025 1mm,Panel,Other Panel,1.0,False,sheet,797
PNL-0557,S-PL060,Panel,Other Panel,1.0,False,sheet,798
PNL-0558,S-PL1045-,Panel,Other Panel,1.0,False,sheet,799
PNL-0559,S-PL1050,Panel,Other Panel,1.0,False,sheet,800
PNL-0560,S-PL1369 Studio Gray,Panel,Other Panel,1.0,False,sheet,801
PNL-0561,S-PL1370 Studio Gray,Panel,Other Panel,1.0,False,sheet,802
PNL-0562,S-PL347,Panel,Other Panel,1.0,False,sheet,803
PNL-0563,S-PL347-1MM Coal Black,Panel,Other Panel,1.0,False,sheet,804
PNL-0564,S-PL381,Panel,Other Panel,1.0,True,sheet,805
PNL-0565,S-PL782,Panel,Other Panel,1.0,True,sheet,806
PNL-0566,S-SSL011,Panel,Other Panel,1.0,False,sheet,807
PNL-0567,S-SSM022,Panel,Other Panel,13.0,False,sheet,808
PNL-0568,S-SSM159,Panel,Other Panel,12.0,False,sheet,809
PNL-0569,"S-SSM159, Hi-Macs_Steel Concrete_13 mm, 762 x 3683",Panel,Other Panel,12.0,False,sheet,810
PNL-0570,Satin Board 16mm,Panel,Other Panel,16.0,False,sheet,811
PNL-0571,Satin Board 18mm,Panel,Other Panel,18.0,False,sheet,812
PNL-0572,Sintra 3mm,Panel,Other Panel,3.0,False,sheet,813
PNL-0573,"Solid, Walnut, 38mm",Panel,Other Panel,38.0,True,sheet,814
PNL-0574,"Starboard HDPE, White, 19mm, 1390mm x 2460mm",Panel,Other Panel,19.0,False,sheet,815
PNL-0575,"Starboard HDPE, White, 19mm, 1390mm x 2460mm_1",Panel,Other Panel,18.75,False,sheet,816
PNL-0576,Summer Drops L202 19mm 2S,Panel,Other Panel,19.0,False,sheet,817
PNL-0577,Walnut Grove 19mm G2S,Panel,Other Panel,19.0,True,sheet,818
PNL-0578,WD-L130-LUMBER MAPLE-4X4,Panel,Other Panel,4.0,False,sheet,819
PNL-0579,White 16,Panel,Other Panel,16.0,True,sheet,820
PNL-0580,White Hardboard 3.2mm 1S,Panel,Other Panel,3.2,False,sheet,821
PNL-0581,White HG 18mm 1S,Panel,Other Panel,18.0,False,sheet,822
PNL-0582,White ST 18mm 1S,Panel,Other Panel,18.0,False,sheet,823
PNL-0583,White Super Matte 18mm 2S,Panel,Other Panel,18.0,False,sheet,824
PNL-0584,WV-02 Loose,Panel,Other Panel,0.5,True,sheet,825
PNL-0585,WV-04 Loose,Panel,Other Panel,0.5,True,sheet,826
PNL-0586,-17.5 PL1_PB_Backer,Panel,Particle Core,19.1,True,sheet,827
PNL-0587,13MM PB BLACK-BACKER,Panel,Particle Core,13.0,False,sheet,828
PNL-0588,13mm PB FC Maple G2S,Panel,Particle Core,13.0,True,sheet,829
PNL-0589,13MM PB Hardrock Maple,Panel,Particle Core,13.0,True,sheet,830
PNL-0590,13MM PB ZEN_BACKER,Panel,Particle Core,13.5,True,sheet,831
PNL-0591,17.5 Backer_PB_PL1-Dove Grey,Panel,Particle Core,19.0,False,sheet,832
PNL-0592,17.5 Backer_PB_PL1-Sap Walnut,Panel,Particle Core,19.1,True,sheet,833
PNL-0593,17.5 Backer_PB_PL1-Sap Walnut (Backs),Panel,Particle Core,19.1,True,sheet,834
PNL-0594,17.5 Backer_PB_PL1-Walnut Heights,Panel,Particle Core,19.1,True,sheet,835
PNL-0595,17.5 Backer_PB_PL2-Pewter Finish (Backs),Panel,Particle Core,19.1,True,sheet,836
PNL-0596,17.5 Black_PB_PL1-Sap Walnut,Panel,Particle Core,19.1,True,sheet,837
PNL-0597,17.5 Black_PB_PL2-Pewter Finish,Panel,Particle Core,19.1,True,sheet,838
PNL-0598,17.5 Liner_PB_ PL2-Chestnut,Panel,Particle Core,19.1,True,sheet,839
PNL-0599,17.5 Liner_PB_ PL2-Chestnut (Backs),Panel,Particle Core,19.1,True,sheet,840
PNL-0600,17.5 PL1-Dove Grey_PB_PL1-Dove Grey,Panel,Particle Core,19.0,False,sheet,841
PNL-0601,17.5 PL1-Sap Walnut_PB_Backer,Panel,Particle Core,19.1,True,sheet,842
PNL-0602,17.5 PL1-Sap Walnut_PB_Backer (Off-Cut),Panel,Particle Core,19.1,True,sheet,843
PNL-0603,17.5 PL1-Sap Walnut_PB_PL1-Sap Walnut,Panel,Particle Core,19.1,True,sheet,844
PNL-0604,17.5 PL1-Walnut Heights_PB_Backer,Panel,Particle Core,19.1,True,sheet,845
PNL-0605,17.5 PL1-Walnut Heights_PB_PL1-Walnut Heights,Panel,Particle Core,19.1,True,sheet,846
PNL-0606,17.5 PL1-White_PB_PL1-White,Panel,Particle Core,19.1,False,sheet,847
PNL-0607,17.5 PL1_PB_Backer,Panel,Particle Core,19.1,True,sheet,848
PNL-0608,17.5 PL1_PB_PL1,Panel,Particle Core,19.1,True,sheet,849
PNL-0609,17.5 PL2-Chestnut_PB_ PL2-Chestnut,Panel,Particle Core,19.1,True,sheet,850
PNL-0610,17.5 PL2-Chestnut_PB_Liner,Panel,Particle Core,19.1,True,sheet,851
PNL-0611,17.5 PL2-Pewter Finish_PB_Backer,Panel,Particle Core,19.1,True,sheet,852
PNL-0612,17.5 PL2-Pewter Finish_PB_PL2-Pewter Finish,Panel,Particle Core,19.1,True,sheet,853
PNL-0613,17.5 PL2-Tuxedo_PB_Backer,Panel,Particle Core,19.1,True,sheet,854
PNL-0614,17.5 Raw PB,Panel,Particle Core,17.5,False,sheet,855
PNL-0615,18.5 Backer_PB_WV01,Panel,Particle Core,18.5,True,sheet,856
PNL-0616,18.5 Backer_PB_WV01 - White Oak,Panel,Particle Core,18.5,True,sheet,857
PNL-0617,18.5 Backer_PB_WV01 - White Oak (Cross),Panel,Particle Core,18.5,False,sheet,858
PNL-0618,18.5 PL1-Dove Grey_PB_Raw,Panel,Particle Core,18.5,False,sheet,859
PNL-0619,18.5 WV01 - White Oak_PB_Backer,Panel,Particle Core,18.5,True,sheet,860
PNL-0620,18.5 WV01_PB_Backer,Panel,Particle Core,18.5,True,sheet,861
PNL-0621,19mm Maple Veneer PB,Panel,Particle Core,18.4,True,sheet,862
PNL-0622,19mm PB 949 Satin White_Backer,Panel,Particle Core,19.0,False,sheet,863
PNL-0623,19MM PB BLACK-BACKER,Panel,Particle Core,19.0,False,sheet,864
PNL-0624,19MM PB BLACK-BLACK,Panel,Particle Core,19.0,False,sheet,865
PNL-0625,19mm PB Douglas QC,Panel,Particle Core,19.0,True,sheet,866
PNL-0626,19mm PB FC Maple  G2S,Panel,Particle Core,18.5,True,sheet,867
PNL-0627,19mm PB FC Maple G2S,Panel,Particle Core,16.0,True,sheet,868
PNL-0628,19mm PB FC Red Oak G2S,Panel,Particle Core,18.5,True,sheet,869
PNL-0629,19mm PB FR Flact Cut Maple G2S,Panel,Particle Core,19.0,True,sheet,870
PNL-0630,19mm PB hardrock maple,Panel,Particle Core,19.0,True,sheet,871
PNL-0631,19mm Pb Hardrock Maple 5x8,Panel,Particle Core,19.0,True,sheet,872
PNL-0632,19mm PB hardrock maple_1,Panel,Particle Core,19.0,True,sheet,873
PNL-0633,19mm PB hardrock maple_2,Panel,Particle Core,19.0,True,sheet,874
PNL-0634,19mm PB hardrock maple_3,Panel,Particle Core,19.0,True,sheet,875
PNL-0635,19mm PB hardrock maple_4,Panel,Particle Core,19.0,True,sheet,876
PNL-0636,19mm PB hardrock maple_5,Panel,Particle Core,19.0,True,sheet,877
PNL-0637,19mm PB hardrock maple_6,Panel,Particle Core,19.0,True,sheet,878
PNL-0638,19mm PB Mission Maple_Mission Maple,Panel,Particle Core,19.0,True,sheet,879
PNL-0639,19mm PB PL10-Bk,Panel,Particle Core,19.0,True,sheet,880
PNL-0640,19mm PB PL11-BK,Panel,Particle Core,19.0,True,sheet,881
PNL-0641,19mm PB PL4-PL4,Panel,Particle Core,19.0,True,sheet,882
PNL-0642,19mm PB PL4-PL4_1,Panel,Particle Core,19.0,True,sheet,883
PNL-0643,19mm PB PL4-PL4_2,Panel,Particle Core,19.0,True,sheet,884
PNL-0644,19mm PB PL4-PL4_3,Panel,Particle Core,19.0,True,sheet,885
PNL-0645,19mm PB PL4-PL4_4,Panel,Particle Core,19.0,True,sheet,886
PNL-0646,19mm PB PL4-PL4_5,Panel,Particle Core,19.0,True,sheet,887
PNL-0647,19mm PB PL4-PL4_6,Panel,Particle Core,19.0,True,sheet,888
PNL-0648,19mm PB PL4-PL4_7,Panel,Particle Core,19.0,True,sheet,889
PNL-0649,19mm PB PL6-BK,Panel,Particle Core,19.0,True,sheet,890
PNL-0650,19mm PB PL6-PL6,Panel,Particle Core,19.0,True,sheet,891
PNL-0651,19mm PB Prefinished G2S,Panel,Particle Core,19.0,True,sheet,892
PNL-0652,19MM PB ZEN_BACKER,Panel,Particle Core,19.0,True,sheet,893
PNL-0653,19MM PB ZEN_ZEN,Panel,Particle Core,19.0,True,sheet,894
PNL-0654,25MM PB BLACK-BLACK,Panel,Particle Core,25.0,False,sheet,895
PNL-0655,25MM PB Mission Maple_Mission Maple,Panel,Particle Core,25.0,True,sheet,896
PNL-0656,25MM PB ZEN_ZEN,Panel,Particle Core,26.5,True,sheet,897
PNL-0657,38mm PB FC Maple G2S,Panel,Particle Core,38.0,True,sheet,898
PNL-0658,PB 12mm_AHI Walnut Heights 3142-B_ Backer_13mm,Panel,Particle Core,13.0,True,sheet,899
PNL-0659,PB 17mm_AHI Walnut Heights 3142-B_ Backer_19mm,Panel,Particle Core,19.0,True,sheet,900
PNL-0660,PB 17mm_AHI Walnut Heights 3142-B_ Backer_19mm_10,Panel,Particle Core,19.0,True,sheet,901
PNL-0661,PB 17mm_AHI Walnut Heights 3142-B_ Backer_19mm_8,Panel,Particle Core,19.0,True,sheet,902
PNL-0662,PB 17mm_AHI Walnut Heights 3142-B_ Backer_19mm_9,Panel,Particle Core,19.0,True,sheet,903
PNL-0663,PB 17mm_AHI Walnut Heights 3142-B_AHI Walnut Heights 3142-B_19mm,Panel,Particle Core,19.0,True,sheet,904
PNL-0664,PB 17mm_PL Beigewood 7850-60_ PL White_19mm,Panel,Particle Core,19.0,True,sheet,905
PNL-0665,PB 24mm_ AHI Walnut Heights 3142-B_AHI Walnut Heights 3142-B_25mm,Panel,Particle Core,25.0,True,sheet,906
PNL-0666,"PB 32mm, PL Dove Gray 2S",Panel,Particle Core,32.0,True,sheet,907
PNL-0667,"PB 32mm, PL Dove Gray 2S",Panel,Particle Core,34.0,True,sheet,908
PNL-0668,"PB 32mm, PL WH #949 1S, B Backer",Panel,Particle Core,32.0,True,sheet,909
PNL-0669,"PB 36mm_ AHI Walnut Heights, 3142-B_ AHI Walnut Heights, 3142-B_ 38mm",Panel,Particle Core,38.0,True,sheet,910
PNL-0670,"PB, 17mm, 949C-58 White, PB, 17mm,  949C-58 White",Panel,Particle Core,19.0,False,sheet,911
PNL-0671,"PB_Prefinished_White Oak, FC, G2S_ 19 mm",Panel,Particle Core,19.0,True,sheet,912
PNL-0672,"PB_White Oak, FC, G2S_ 19 mm",Panel,Particle Core,19.0,True,sheet,913
PNL-0673,"PB_White Oak, FC, G2S_ 25 mm, 1230 x 2450",Panel,Particle Core,25.0,True,sheet,914
PNL-0674,S-Lyp032 19mm PB Black-Backer,Panel,Particle Core,19.0,False,sheet,915
PNL-0675,S-LYP062-13MM PB PRIMARY RED SUEDE-BACKER,Panel,Particle Core,13.0,False,sheet,916
PNL-0676,S-LYP066 19mm PB Black-Black,Panel,Particle Core,19.0,False,sheet,917
PNL-0677,S-LYP1149-16MM PB COAL BLACK-COAL BLACK,Panel,Particle Core,16.0,False,sheet,918
PNL-0678,S-LYP1161 19mm PB Coal Black - Backer,Panel,Particle Core,19.0,False,sheet,919
PNL-0679,S-LYP1172-19MM PB DOVER WH-DOVER WH,Panel,Particle Core,19.0,False,sheet,920
PNL-0680,S-LYP1265 25mm PB Coal Black-Backer,Panel,Particle Core,25.0,False,sheet,921
PNL-0681,S-LYP1557 25mm PB Mission Maple_Mission Maple,Panel,Particle Core,25.0,True,sheet,922
PNL-0682,S-LYP1560-19MM PB SLATE GREY-SLATE GREY,Panel,Particle Core,19.0,False,sheet,923
PNL-0683,S-LYP1561-19MM PB SLATE GREY-BACKER,Panel,Particle Core,19.0,False,sheet,924
PNL-0684,S-LYP2070-38MM PB DOVER WH-PHENOLIC BACKER,Panel,Particle Core,38.0,False,sheet,925
PNL-0685,"S-LYP2212 19mm PB Mocha Modern Cherry, PH Backer",Panel,Particle Core,19.0,True,sheet,926
PNL-0686,"S-LYP2212-0510 19mm PB Mocha Modern Cherry, PH Backer",Panel,Particle Core,19.0,True,sheet,927
PNL-0687,"S-LYP2213  19mm PB, Mocha Cherry, Mocha Cherry",Panel,Particle Core,19.0,True,sheet,928
PNL-0688,S-LYP2221- 30mm PB Mocha Cherry - Backer,Panel,Particle Core,32.0,True,sheet,929
PNL-0689,S-LYP2945 19mm PB Mission Maple - Backer,Panel,Particle Core,19.0,True,sheet,930
PNL-0690,S-LYP2946 19mm PB Slate Grey-Coal Black,Panel,Particle Core,19.0,False,sheet,931
PNL-0691,S-LYP2947 19mm PB Slate Grey - Slate Grey,Panel,Particle Core,19.0,False,sheet,932
PNL-0692,"S-LYP3034-13mm PB Fosssil Shale,Phenolic Backer",Panel,Particle Core,13.0,False,sheet,933
PNL-0693,S-LYP3038-19mm PB Studio Gray-Phenolic Backer,Panel,Particle Core,19.0,False,sheet,934
PNL-0694,S-LYP3043 13mm PB Studio Gray - PH Backer,Panel,Particle Core,13.0,False,sheet,935
PNL-0695,S-LYP3081 19mm PB Modern Mocha Cherry G1S,Panel,Particle Core,19.0,True,sheet,936
PNL-0696,S-LYP3082 19mm PB Modern Mocha Cherry G2S,Panel,Particle Core,19.0,True,sheet,937
PNL-0697,S-LYP310_25mm  Aged Ash_PB_Backer,Panel,Particle Core,25.0,True,sheet,938
PNL-0698,S-LYP311_25mm  Aged Ash_PB_Backer,Panel,Particle Core,25.0,True,sheet,939
PNL-0699,S-LYP372-19MM PB MISSION MAPLE-PHENOLIC BACKER,Panel,Particle Core,19.0,True,sheet,940
PNL-0700,S-LYP373(13MM PB MISSIN MAPLE-BACKER),Panel,Particle Core,13.0,True,sheet,941
PNL-0701,S-LYP416 19mm PB Mission Maple-Mission MAple,Panel,Particle Core,19.0,True,sheet,942
PNL-0702,S-LYP463 38mm PB Mission Maple G2S,Panel,Particle Core,38.0,True,sheet,943
PNL-0703,S-LYP568-19mm PB Graphite-Graphite,Panel,Particle Core,19.0,False,sheet,944
PNL-0704,"S-LYP839 19mm PB, Fresh Papaya, Fresh Papaya",Panel,Particle Core,19.0,False,sheet,945
PNL-0705,S-PB005-12MM RAW PB,Panel,Particle Core,12.0,False,sheet,946
PNL-0706,S-PB015-0410 17mm PB Raw,Panel,Particle Core,17.0,False,sheet,947
PNL-0707,S-PB026-19MM RAW PB,Panel,Particle Core,19.0,False,sheet,948
PNL-0708,"S-PB1215 FR PBC, RQ Walnut G1S",Panel,Particle Core,16.0,True,sheet,949
PNL-0709,"S-PB1215-0410 FR PBC, RQ Walnut G1S",Panel,Particle Core,16.0,True,sheet,950
PNL-0710,12 Birch Ply,Panel,Plywood,12.0,False,sheet,951
PNL-0711,12 Birch Plywood,Panel,Plywood,12.7,False,sheet,952
PNL-0712,12 Birch Plywood,Panel,Plywood,12.0,True,sheet,953
PNL-0713,12 Black-Liner_Ply_Black-Liner,Panel,Plywood,12.0,False,sheet,954
PNL-0714,12 Lacquered Birch Ply,Panel,Plywood,12.0,True,sheet,955
PNL-0715,12 Plywood,Panel,Plywood,12.0,False,sheet,956
PNL-0716,12 Plywood,Panel,Plywood,12.7,False,sheet,957
PNL-0717,12 Raw Ply,Panel,Plywood,12.7,False,sheet,958
PNL-0718,12 Raw Plywood,Panel,Plywood,12.7,False,sheet,959
PNL-0719,12 Raw_Ply,Panel,Plywood,12.0,False,sheet,960
PNL-0720,12 White Liner_PLY_White Liner,Panel,Plywood,13.0,False,sheet,961
PNL-0721,12.5 mm Plywood,Panel,Plywood,12.5,False,sheet,962
PNL-0722,12.70 Ply_Raw,Panel,Plywood,12.7,False,sheet,963
PNL-0723,12mm PLy Birch,Panel,Plywood,12.2,True,sheet,964
PNL-0724,12mm Ply Painted Black,Panel,Plywood,12.0,False,sheet,965
PNL-0725,13 Birch Plywood,Panel,Plywood,12.7,False,sheet,966
PNL-0726,13 Chalk White_Birch Ply_Chalk White,Panel,Plywood,13.0,False,sheet,967
PNL-0727,13mm Maple Veneer Ply,Panel,Plywood,12.2,True,sheet,968
PNL-0728,13mm PLY FC Maple G1S,Panel,Plywood,12.0,True,sheet,969
PNL-0729,13mm PLY FC Red Oak G1S,Panel,Plywood,12.0,True,sheet,970
PNL-0730,13mm PLy Raw,Panel,Plywood,13.0,False,sheet,971
PNL-0731,13mm Plywood Prefinished G2S,Panel,Plywood,13.0,True,sheet,972
PNL-0732,16 Birch Ply_G2S,Panel,Plywood,16.0,True,sheet,973
PNL-0733,16 Birch Ply_G2S (Back),Panel,Plywood,16.0,True,sheet,974
PNL-0734,16 PF Birch Ply_G2S,Panel,Plywood,16.0,True,sheet,975
PNL-0735,16mm Plywood Prefinished G2S,Panel,Plywood,16.0,True,sheet,976
PNL-0736,16mm Pre-Finish Ply Birch,Panel,Plywood,16.0,True,sheet,977
PNL-0737,17 Plywood,Panel,Plywood,17.5,False,sheet,978
PNL-0738,17 Raw Plywood,Panel,Plywood,17.5,False,sheet,979
PNL-0739,17.5 Backer_PLY_PL1A,Panel,Plywood,19.1,True,sheet,980
PNL-0740,17.5 Backer_PLY_PL2A,Panel,Plywood,19.1,True,sheet,981
PNL-0741,17.5 Backer_PLY_PL3,Panel,Plywood,19.1,False,sheet,982
PNL-0742,17.5 Backer_PLY_PL5,Panel,Plywood,19.1,False,sheet,983
PNL-0743,17.5 Backer_PLY_PL5_2,Panel,Plywood,19.1,False,sheet,984
PNL-0744,17.5 Black Liner_PLY_Black Liner,Panel,Plywood,19.1,False,sheet,985
PNL-0745,17.5 mm Raw Plywood,Panel,Plywood,17.5,False,sheet,986
PNL-0746,17.5 PL1 Aged Ash-WR_PLY_Backer,Panel,Plywood,19.1,True,sheet,987
PNL-0747,17.5 PL1 Aged Ash-WR_PLY_PL1 Aged Ash-WR,Panel,Plywood,19.1,True,sheet,988
PNL-0748,17.5 PL1-Bianco Male JJ_PLY_PL1-Bianco Male JJ,Panel,Plywood,19.9,False,sheet,989
PNL-0749,17.5 PL1A_PLY_Backer,Panel,Plywood,19.1,True,sheet,990
PNL-0750,17.5 PL2 AgedAsh-MT_PLY_Backer,Panel,Plywood,19.1,True,sheet,991
PNL-0751,17.5 PL2-Beige ELM-NG_PLY_Brown backer,Panel,Plywood,19.9,True,sheet,992
PNL-0752,17.5 PL2-Beige ELM-NG_PLY_PL2-Beige ELM-NG,Panel,Plywood,19.9,True,sheet,993
PNL-0753,17.5 PL2A_PLY_Backer,Panel,Plywood,19.1,True,sheet,994
PNL-0754,17.5 PL2A_PLY_PL2A,Panel,Plywood,19.1,True,sheet,995
PNL-0755,17.5 PL3_PLY_Backer,Panel,Plywood,19.1,False,sheet,996
PNL-0756,17.5 PL4_PLY_Backer,Panel,Plywood,19.1,True,sheet,997
PNL-0757,17.5 PL5_PLY_Backer,Panel,Plywood,19.1,False,sheet,998
PNL-0758,17.5 PL5_PLY_Backer_2,Panel,Plywood,19.1,False,sheet,999
PNL-0759,17.5 Plywood,Panel,Plywood,17.5,False,sheet,1000
PNL-0760,17.5 Plywood_Raw,Panel,Plywood,17.5,False,sheet,1001
PNL-0761,17.5 Raw Ply,Panel,Plywood,17.5,False,sheet,1002
PNL-0762,17.5 SP05_PLY_Black Liner,Panel,Plywood,19.1,False,sheet,1003
PNL-0763,17.5 White Liner_PLY_PL1-Bianco Male JJ,Panel,Plywood,19.9,False,sheet,1004
PNL-0764,17.5 White Liner_PLY_PL2-Beige ELM-NG,Panel,Plywood,19.9,True,sheet,1005
PNL-0765,"17mm Ply, PL Gloss 1mm_2S",Panel,Plywood,19.0,False,sheet,1006
PNL-0766,17MM PLYWOOD,Panel,Plywood,17.5,False,sheet,1007
PNL-0767,18 Birch Ply,Panel,Plywood,18.0,False,sheet,1008
PNL-0768,18 Birch Plywood,Panel,Plywood,18.0,True,sheet,1009
PNL-0769,18 Ply Raw,Panel,Plywood,18.0,False,sheet,1010
PNL-0770,18 Raw_Ply,Panel,Plywood,18.0,False,sheet,1011
PNL-0771,18 White Liner_PLY_White Liner,Panel,Plywood,18.0,False,sheet,1012
PNL-0772,18.5 Backer_PLY_WV-05,Panel,Plywood,18.5,True,sheet,1013
PNL-0773,18.5 WV-05_PLY_Backer,Panel,Plywood,18.5,True,sheet,1014
PNL-0774,18mm Ply Raw,Panel,Plywood,18.0,False,sheet,1015
PNL-0775,18mm Plywood,Panel,Plywood,18.0,False,sheet,1016
PNL-0776,19 Birch Ply_G1S,Panel,Plywood,19.1,True,sheet,1017
PNL-0777,19 Birch Ply_G1S (Back),Panel,Plywood,19.1,True,sheet,1018
PNL-0778,19 PF Birch Ply_G2S,Panel,Plywood,19.1,True,sheet,1019
PNL-0779,19mm Black Painted Plywood,Panel,Plywood,19.0,False,sheet,1020
PNL-0780,19mm FR Raw Plywood,Panel,Plywood,19.0,False,sheet,1021
PNL-0781,19mm Maple Plywood Prefinsihed G2S,Panel,Plywood,19.0,True,sheet,1022
PNL-0782,19mm Maple Plywood Prefinsihed G2S_1,Panel,Plywood,19.0,True,sheet,1023
PNL-0783,19mm Maple Plywood Prefinsihed G2S_2,Panel,Plywood,19.0,True,sheet,1024
PNL-0784,19mm Maple Plywood Prefinsihed G2S_3,Panel,Plywood,19.0,True,sheet,1025
PNL-0785,19mm Maple Plywood Prefinsihed G2S_4,Panel,Plywood,19.0,True,sheet,1026
PNL-0786,19mm Maple Plywood Prefinsihed G2S_5,Panel,Plywood,19.0,True,sheet,1027
PNL-0787,19mm Maple Veneer Ply,Panel,Plywood,18.1,True,sheet,1028
PNL-0788,19mm Maple Veneer Ply G1S,Panel,Plywood,19.0,True,sheet,1029
PNL-0789,19mm PLY FC Maple G1S,Panel,Plywood,18.5,True,sheet,1030
PNL-0790,19mm PLY FC Maple G2S,Panel,Plywood,18.5,True,sheet,1031
PNL-0791,19mm PLY FC Maple G2S_2,Panel,Plywood,18.5,True,sheet,1032
PNL-0792,19mm PLY FC Maple G2S_2_2,Panel,Plywood,18.5,True,sheet,1033
PNL-0793,19mm PLY FC Red Oak G1S,Panel,Plywood,18.5,True,sheet,1034
PNL-0794,19mm PLY FC Red Oak G2S,Panel,Plywood,18.5,True,sheet,1035
PNL-0795,19mm PLY SV1-BK(Silver riftwood-backer),Panel,Plywood,19.0,True,sheet,1036
PNL-0796,19MM PLY SV1-SV1(OFFCUT 1),Panel,Plywood,19.0,True,sheet,1037
PNL-0797,19MM PLY SV1-SV1(OFFCUT),Panel,Plywood,19.0,True,sheet,1038
PNL-0798,19mm PLY SV1-SV1(silver riftwood G2S),Panel,Plywood,19.0,True,sheet,1039
PNL-0799,19mm Ply White Oak G1S,Panel,Plywood,19.0,True,sheet,1040
PNL-0800,19mm Ply White Oak G2S,Panel,Plywood,19.0,True,sheet,1041
PNL-0801,19mm Plywood Prefinished G1S,Panel,Plywood,19.0,True,sheet,1042
PNL-0802,19mm Plywood Prefinished G2S,Panel,Plywood,19.0,True,sheet,1043
PNL-0803,19MM RAW PLYWOOD,Panel,Plywood,19.0,False,sheet,1044
PNL-0804,25 Black Liner_PLY_Black Liner,Panel,Plywood,26.0,False,sheet,1045
PNL-0805,25 Plywood,Panel,Plywood,25.4,False,sheet,1046
PNL-0806,25 White Liner_PLY_White Liner,Panel,Plywood,26.0,False,sheet,1047
PNL-0807,25.4 mm Plywood,Panel,Plywood,25.4,False,sheet,1048
PNL-0808,25mm Maple Veneer Ply,Panel,Plywood,25.0,True,sheet,1049
PNL-0809,25mm PLY FC Maple G2S,Panel,Plywood,25.0,True,sheet,1050
PNL-0810,25mm PLY FC Red Oak G2S,Panel,Plywood,25.0,True,sheet,1051
PNL-0811,5 Flex Ply,Panel,Plywood,5.0,True,sheet,1052
PNL-0812,5 PL1-Luan Plywood Grain,Panel,Plywood,5.0,True,sheet,1053
PNL-0813,5 PL1-Luan Plywood Solid,Panel,Plywood,5.0,False,sheet,1054
PNL-0814,6 Birch Plywood,Panel,Plywood,6.0,False,sheet,1055
PNL-0815,6 Birch_Ply,Panel,Plywood,6.0,False,sheet,1056
PNL-0816,6mm Maple Veneer Ply,Panel,Plywood,13.0,True,sheet,1057
PNL-0817,6mm PLY FC Maple G1S,Panel,Plywood,6.0,True,sheet,1058
PNL-0818,6mm PLY FC Red Oak G1S,Panel,Plywood,6.0,True,sheet,1059
PNL-0819,"6mm Ply, Mission Maple, PH Backer",Panel,Plywood,7.0,True,sheet,1060
PNL-0820,8 Flex Ply,Panel,Plywood,8.0,True,sheet,1061
PNL-0821,"BB Ply,FR, 19mm Raw",Panel,Plywood,19.0,False,sheet,1062
PNL-0822,"BB Ply,FR, 20 mm, Red, Backer",Panel,Plywood,20.6,False,sheet,1063
PNL-0823,"BB Ply,FR, 20 mm, Red, Raw",Panel,Plywood,19.8,False,sheet,1064
PNL-0824,"BB Ply,FR, 20mm, Black Black",Panel,Plywood,20.6,False,sheet,1065
PNL-0825,"BB Ply,FR, 20mm, Black, Backer",Panel,Plywood,20.6,False,sheet,1066
PNL-0826,"BB Ply,FR, 20mm, Red G2S",Panel,Plywood,20.6,False,sheet,1067
PNL-0827,Bendy Plywood Crossband 6mm,Panel,Plywood,6.0,False,sheet,1068
PNL-0828,Bendy Plywood Longband 6mm,Panel,Plywood,6.0,False,sheet,1069
PNL-0829,PLY 12mm_AHI Walnut Heights 3142-B_ Backer_13mm_1,Panel,Plywood,13.0,True,sheet,1070
PNL-0830,"Ply 36mm_AHI Walnut Heights, 3142-B_AHI Walnut Heights, 3142-B_38mm",Panel,Plywood,38.0,True,sheet,1071
PNL-0831,"Ply Prefinished White Oak G1S (A), FC, 13mm",Panel,Plywood,12.0,True,sheet,1072
PNL-0832,PLY Raw 17.5mm,Panel,Plywood,17.5,False,sheet,1073
PNL-0833,"PLY, 12mm_PL-3_ Backer_13mm",Panel,Plywood,13.0,True,sheet,1074
PNL-0834,"PLY, 12mm_PL-4_ Backer_13mm",Panel,Plywood,13.0,False,sheet,1075
PNL-0835,"PLY, 12mm_White_ Backer_13mm",Panel,Plywood,13.0,False,sheet,1076
PNL-0836,"PLY, 17mm, AHI Walnut Heights_Backer, 19mm",Panel,Plywood,19.0,True,sheet,1077
PNL-0837,"PLY, 17mm_ AHI Walnut Heights 3142-B_ AHI Walnut Heights 3142-B_ 19mm",Panel,Plywood,19.0,True,sheet,1078
PNL-0838,"PLY, 17mm_PL-3_ Backer_19mm",Panel,Plywood,19.0,True,sheet,1079
PNL-0839,"PLY, 17mm_PL-3_ PL-3_19mm",Panel,Plywood,19.0,True,sheet,1080
PNL-0840,"PLY, 17mm_PL-3_ White_19mm",Panel,Plywood,19.0,True,sheet,1081
PNL-0841,"PLY, 17mm_PL-4_ Backer_19mm",Panel,Plywood,19.0,False,sheet,1082
PNL-0842,"PLY, 17mm_PL-4_ PL-4_19mm",Panel,Plywood,19.0,False,sheet,1083
PNL-0843,"PLY, 17mm_PL-4_ White_19mm",Panel,Plywood,19.0,False,sheet,1084
PNL-0844,"PLY, 17mm_White_ White_19mm",Panel,Plywood,19.0,False,sheet,1085
PNL-0845,"PLY, 17mm_White_Backer_19mm",Panel,Plywood,19.0,False,sheet,1086
PNL-0846,"Ply, 19 mm, 1220 x 2440",Panel,Plywood,19.0,False,sheet,1087
PNL-0847,"PLY, 25mm_PL-3_ PL-3_25mm",Panel,Plywood,25.0,True,sheet,1088
PNL-0848,"PLY, 25mm_PL-4_ PL-4_25mm",Panel,Plywood,25.0,False,sheet,1089
PNL-0849,"PLY, 25mm_White_ White_25mm",Panel,Plywood,25.0,False,sheet,1090
PNL-0850,"Ply, Prefinished White Oak G1S (A), FC, 19mm",Panel,Plywood,19.0,True,sheet,1091
PNL-0851,"Ply, Prefinished White Oak G2S (A1), FC, 19mm",Panel,Plywood,19.0,True,sheet,1092
PNL-0852,"Ply, Prefinished White Oak G2S (A1), FC, 25mm",Panel,Plywood,25.0,True,sheet,1093
PNL-0853,"Ply, Prefinished, G2S, 13mm",Panel,Plywood,13.0,True,sheet,1094
PNL-0854,"Ply, Prefinished, G2S, 16mm",Panel,Plywood,16.0,True,sheet,1095
PNL-0855,"Ply, White Oak G1S (A4), FC, 13mm",Panel,Plywood,12.0,True,sheet,1096
PNL-0856,"Ply, White Oak G1S (A4), FC, 19mm",Panel,Plywood,18.5,True,sheet,1097
PNL-0857,"Ply, White Oak G2S (A1), FC, 19mm",Panel,Plywood,18.5,True,sheet,1098
PNL-0858,"Ply, White Oak G2S (A1), FC, 6mm",Panel,Plywood,5.0,True,sheet,1099
PNL-0859,"Ply, White Oak, G2S (A1), FC, 25mm, 1220mm x 2438mm",Panel,Plywood,25.0,True,sheet,1100
PNL-0860,PLY_Arctic Ice_Phenolic Backer_38mm,Panel,Plywood,38.0,False,sheet,1101
PNL-0861,Ply_Raw_17.5mm,Panel,Plywood,17.5,False,sheet,1102
PNL-0862,Ply_Raw_25mm,Panel,Plywood,25.0,False,sheet,1103
PNL-0863,Plywood 1.5mm,Panel,Plywood,1.5,True,sheet,1104
PNL-0864,Plywood 12.7mm,Panel,Plywood,12.7,True,sheet,1105
PNL-0865,Plywood 12mm,Panel,Plywood,,True,sheet,1106
PNL-0866,Plywood 12mm UV 2S,Panel,Plywood,12.5,True,sheet,1107
PNL-0867,Plywood 15mm,Panel,Plywood,15.0,True,sheet,1108
PNL-0868,Plywood 16mm,Panel,Plywood,16.0,True,sheet,1109
PNL-0869,Plywood 17mm,Panel,Plywood,17.0,True,sheet,1110
PNL-0870,Plywood 18mm,Panel,Plywood,18.0,True,sheet,1111
PNL-0871,Plywood 18mm UV 2S,Panel,Plywood,18.0,True,sheet,1112
PNL-0872,Plywood 19.05mm,Panel,Plywood,19.05,True,sheet,1113
PNL-0873,Plywood 19mm,Panel,Plywood,19.0,True,sheet,1114
PNL-0874,Plywood 25.4mm,Panel,Plywood,25.4,True,sheet,1115
PNL-0875,Plywood 25mm,Panel,Plywood,25.0,True,sheet,1116
PNL-0876,Plywood 4mm,Panel,Plywood,4.0,True,sheet,1117
PNL-0877,Plywood 5mm,Panel,Plywood,5.0,True,sheet,1118
PNL-0878,Plywood 6.35mm,Panel,Plywood,6.35,True,sheet,1119
PNL-0879,Plywood 6.5mm,Panel,Plywood,6.5,True,sheet,1120
PNL-0880,Plywood 6mm,Panel,Plywood,6.0,True,sheet,1121
PNL-0881,Plywood 7mm,Panel,Plywood,7.0,False,sheet,1122
PNL-0882,Plywood 9.5mm,Panel,Plywood,9.5,True,sheet,1123
PNL-0883,S-LYP025 PLY 5.5mm- Coal Black- Phenolic Backer,Panel,Plywood,6.0,False,sheet,1124
PNL-0884,S-LYP025-6MM PLY BLACK-PHENOLIC BACKER,Panel,Plywood,6.0,False,sheet,1125
PNL-0885,S-LYP067-19mm Ply Black-Black,Panel,Plywood,19.0,False,sheet,1126
PNL-0886,S-LYP105 6mm Ply White-PH Backer,Panel,Plywood,6.0,False,sheet,1127
PNL-0887,S-LYP191-19mm PLY Black-BAcker,Panel,Plywood,19.0,False,sheet,1128
PNL-0888,S-LYP2442 - 19mm Ply Modern Mocha Cherry -Backer,Panel,Plywood,19.0,True,sheet,1129
PNL-0889,"S-LYP2445 Ply, 19mm, Uptown Walnut, PH Backer",Panel,Plywood,19.0,True,sheet,1130
PNL-0890,"S-LYP2450 Ply, 19mm, Palisades Oak, PH Backer",Panel,Plywood,19.0,True,sheet,1131
PNL-0891,"S-LYP2455 Ply, 19mm, Solar Oak, PH Backer",Panel,Plywood,19.0,True,sheet,1132
PNL-0892,S-LYP2596 19mm Ply Black Velvet Traceless-Backer,Panel,Plywood,19.0,False,sheet,1133
PNL-0893,S-LYP3044-13mm Ply Graphite-PH Backer,Panel,Plywood,13.0,False,sheet,1134
PNL-0894,"S-LYP3084 38mm Ply Mocha Modern Cherry, Commodity White",Panel,Plywood,38.0,True,sheet,1135
PNL-0895,S-LYP415 19mm Ply Mission Maple-Backer,Panel,Plywood,19.0,True,sheet,1136
PNL-0896,S-LYP505-19MM PLY SLATE GREY-BACKER,Panel,Plywood,19.0,False,sheet,1137
PNL-0897,S-LYP563-19mm PLY Graphite -PH Backer,Panel,Plywood,19.0,False,sheet,1138
PNL-0898,S-PLY009,Panel,Plywood,6.0,False,sheet,1139
PNL-0899,S-Ply010,Panel,Plywood,12.0,False,sheet,1140
PNL-0900,S-PLY010-12MM RAW PLY,Panel,Plywood,12.0,False,sheet,1141
PNL-0901,S-PLY011-17mm Raw Ply,Panel,Plywood,17.0,False,sheet,1142
PNL-0902,S-PLY020,Panel,Plywood,17.5,False,sheet,1143
PNL-0903,S-PLY020-,Panel,Plywood,17.5,False,sheet,1144
PNL-0904,S-PLY020-0410,Panel,Plywood,17.6,False,sheet,1145
PNL-0905,S-PLY020-17MM RAW PLY,Panel,Plywood,17.5,False,sheet,1146
PNL-0906,S-PLY030,Panel,Plywood,19.0,False,sheet,1147
PNL-0907,S-PLY050 19mm Raw Plywood,Panel,Plywood,19.0,False,sheet,1148
PNL-0908,S-PLY050-25mm Raw Ply,Panel,Plywood,25.0,False,sheet,1149
PNL-0909,S-PLY066-15MM RAW BALTIC BIRCH,Panel,Plywood,15.0,False,sheet,1150
PNL-0910,S-PLY171,Panel,Plywood,8.0,True,sheet,1151
PNL-0911,"S-PLY171 Flex Ply, Wiggleboard, 8mm",Panel,Plywood,8.0,True,sheet,1152
PNL-0912,S-PLY401_19mm Raw Poplar Plywood G1S 4x8 VC,Panel,Plywood,19.0,True,sheet,1153
PNL-0913,S-PLY552,Panel,Plywood,13.0,True,sheet,1154
PNL-0914,S-PLY552-0410,Panel,Plywood,13.0,True,sheet,1155
PNL-0915,S-PLY552_5,Panel,Plywood,13.0,True,sheet,1156
PNL-0916,S-PLY569,Panel,Plywood,13.0,True,sheet,1157
PNL-0917,S-PLY569-0410,Panel,Plywood,13.0,True,sheet,1158
PNL-0918,S-PLY569-0508,Panel,Plywood,13.0,True,sheet,1159
PNL-0919,"Veneer, White Oak, FC, 3-ply, 1220x2440",Panel,Plywood,19.0,True,sheet,1160
PNL-0920,13MM WOOD VENEER WALNUT G1S,Panel,Veneer Panel,13.0,True,sheet,1161
PNL-0921,19MM WOOD VENEER WALNUT G2S,Panel,Veneer Panel,19.0,True,sheet,1162
PNL-0922,25MM WOOD VENEER WALNUT G2S,Panel,Veneer Panel,25.0,True,sheet,1163
PNL-0923,38MM WOOD VENEER WALNUT G2S,Panel,Veneer Panel,38.0,True,sheet,1164
PNL-0924,"WD-V071 Veneer, Walnut, FC, Paper Backer",Panel,Veneer Panel,1.0,True,sheet,1165
SLD-0001,Vic Ash Base 42mm S-R,Solid Wood,Ash,32.0,False,ea,1166
SLD-0002,Vic Ash Base S-R,Solid Wood,Ash,32.0,False,ea,1167
SLD-0003,Vic Ash Colonial 42mm H-R,Solid Wood,Ash,42.0,False,ea,1168
SLD-0004,Vic Ash Colonial H-R,Solid Wood,Ash,42.0,False,ea,1169
SLD-0005,Vic Ash Heritage 42mm H-R,Solid Wood,Ash,42.0,False,ea,1170
SLD-0006,Vic Ash Oval 12mm H-R,Solid Wood,Ash,42.0,False,ea,1171
SLD-0007,Vic Ash Oval 12mm S-R,Solid Wood,Ash,32.0,False,ea,1172
SLD-0008,Vic Ash Oval 14x18 H-R,Solid Wood,Ash,42.0,False,ea,1173
SLD-0009,Vic Ash Oval 14x18 S-R,Solid Wood,Ash,32.0,False,ea,1174
SLD-0010,Vic Ash Oval 32mm H-R,Solid Wood,Ash,42.0,False,ea,1175
SLD-0011,Vic Ash Oval 32mm S-R,Solid Wood,Ash,32.0,False,ea,1176
SLD-0012,Vic Ash Oval H-R,Solid Wood,Ash,42.0,False,ea,1177
SLD-0013,Vic Ash Rectangle 12mm H-R,Solid Wood,Ash,42.0,False,ea,1178
SLD-0014,Vic Ash Rectangle 14x18 H-R,Solid Wood,Ash,42.0,False,ea,1179
SLD-0015,Vic Ash Rectangle 14x18 S-R,Solid Wood,Ash,32.0,False,ea,1180
SLD-0016,Vic Ash Rectangle 32mm H-R,Solid Wood,Ash,42.0,False,ea,1181
SLD-0017,19.05 Cherry Solid Stock,Solid Wood,Cherry,19.05,False,ea,1182
SLD-0018,9.525 Cherry Solid Stock,Solid Wood,Cherry,9.53,False,ea,1183
SLD-0019,19 Doug Fir,Solid Wood,Doug Fir,19.0,False,ea,1184
SLD-0020,20 Doug Fir,Solid Wood,Doug Fir,20.0,False,ea,1185
SLD-0021,25 Doug Fir,Solid Wood,Doug Fir,64.0,False,ea,1186
SLD-0022,32 Doug Fir,Solid Wood,Doug Fir,32.0,False,ea,1187
SLD-0023,38 Doug Fir,Solid Wood,Doug Fir,38.0,False,ea,1188
SLD-0024,12 Hardwood,Solid Wood,Hardwood,12.0,False,ea,1189
SLD-0025,13 Hardwood,Solid Wood,Hardwood,13.0,False,ea,1190
SLD-0026,19 Hardwood,Solid Wood,Hardwood,19.0,False,ea,1191
SLD-0027,25 Hardwood,Solid Wood,Hardwood,25.0,False,ea,1192
SLD-0028,32 Hardwood,Solid Wood,Hardwood,32.0,False,ea,1193
SLD-0029,38 Hardwood,Solid Wood,Hardwood,38.0,False,ea,1194
SLD-0030,44 Hardwood,Solid Wood,Hardwood,44.0,False,ea,1195
SLD-0031,45 Hardwood,Solid Wood,Hardwood,45.0,False,ea,1196
SLD-0032,50 Hardwood,Solid Wood,Hardwood,50.0,False,ea,1197
SLD-0033,57 Hardwood,Solid Wood,Hardwood,57.0,False,ea,1198
SLD-0034,63 Hardwood,Solid Wood,Hardwood,63.0,False,ea,1199
SLD-0035,64 Hardwood,Solid Wood,Hardwood,64.0,False,ea,1200
SLD-0036,70 Hardwood,Solid Wood,Hardwood,70.0,False,ea,1201
SLD-0037,76 Hardwood,Solid Wood,Hardwood,33.0,False,ea,1202
SLD-0038,Maple Crown,Solid Wood,Maple,64.0,False,ea,1203
SLD-0039,20 Red Oak,Solid Wood,Oak,20.0,False,ea,1204
SLD-0040,38 Red Oak,Solid Wood,Oak,38.0,False,ea,1205
SLD-0041,Highline Oak Rectangle H-R,Solid Wood,Oak,32.0,False,ea,1206
SLD-0042,Oak Base 42mm S-R,Solid Wood,Oak,32.0,False,ea,1207
SLD-0043,Oak Dowell 12mm H-R,Solid Wood,Oak,48.0,False,ea,1208
SLD-0044,Oak Dowell H-R,Solid Wood,Oak,48.0,False,ea,1209
SLD-0045,Oak Dowell S-R,Solid Wood,Oak,32.0,False,ea,1210
SLD-0046,Oak Heritage 42mm H-R,Solid Wood,Oak,42.0,False,ea,1211
SLD-0047,Oak Oval 12mm H-R,Solid Wood,Oak,42.0,False,ea,1212
SLD-0048,Oak Oval 12mm S-R,Solid Wood,Oak,32.0,False,ea,1213
SLD-0049,Oak Oval 14x18 H-R,Solid Wood,Oak,42.0,False,ea,1214
SLD-0050,Oak Oval 14x18 S-R,Solid Wood,Oak,32.0,False,ea,1215
SLD-0051,Oak Oval 32mm H-R,Solid Wood,Oak,42.0,False,ea,1216
SLD-0052,Oak Oval 32mm S-R,Solid Wood,Oak,32.0,False,ea,1217
SLD-0053,Oak Oval 42mm S-R,Solid Wood,Oak,32.0,False,ea,1218
SLD-0054,Oak Oval H-R,Solid Wood,Oak,42.0,False,ea,1219
SLD-0055,Oak Oval S-R,Solid Wood,Oak,32.0,False,ea,1220
SLD-0056,Oak Post 90x90,Solid Wood,Oak,90.0,False,ea,1221
SLD-0057,Oak Rectangle 14x18 H-R,Solid Wood,Oak,42.0,False,ea,1222
SLD-0058,Oak Rectangle 14x18 S-R,Solid Wood,Oak,32.0,False,ea,1223
SLD-0059,Oak Vetro H-R,Solid Wood,Oak,40.0,False,ea,1224
SLD-0060,Oak Vetro S-R,Solid Wood,Oak,40.0,False,ea,1225
SLD-0061,Base Molding,Solid Wood,Other Solid,38.0,False,ea,1226
SLD-0062,Blackbutt Oval 12mm H-R,Solid Wood,Other Solid,42.0,False,ea,1227
SLD-0063,Blackbutt Oval 12mm S-R,Solid Wood,Other Solid,32.0,False,ea,1228
SLD-0064,Blackbutt Oval 14x18 H-R,Solid Wood,Other Solid,42.0,False,ea,1229
SLD-0065,Blackbutt Oval 14x18 S-R,Solid Wood,Other Solid,32.0,False,ea,1230
SLD-0066,Blackbutt Oval 32mm H-R,Solid Wood,Other Solid,42.0,False,ea,1231
SLD-0067,Blackbutt Oval 32mm S-R,Solid Wood,Other Solid,32.0,False,ea,1232
SLD-0068,Blackbutt Rectangle 12mm H-R,Solid Wood,Other Solid,42.0,False,ea,1233
SLD-0069,Blackbutt Rectangle 14x18 H-R,Solid Wood,Other Solid,42.0,False,ea,1234
SLD-0070,Blackbutt Rectangle 14x18 S-R,Solid Wood,Other Solid,32.0,False,ea,1235
SLD-0071,Blackbutt Rectangle 32mm H-R,Solid Wood,Other Solid,42.0,False,ea,1236
SLD-0072,DEMSAS Profile,Solid Wood,Other Solid,24.0,False,ea,1237
SLD-0073,FF Bead 1875 Standard,Solid Wood,Other Solid,4.76,False,ea,1238
SLD-0074,FF Bead 25 Bevel,Solid Wood,Other Solid,6.35,False,ea,1239
SLD-0075,FF Bead 25 Standard,Solid Wood,Other Solid,6.35,False,ea,1240
SLD-0076,FF Bead 3125 Standard,Solid Wood,Other Solid,7.94,False,ea,1241
SLD-0077,FF Bead 375 Bevel,Solid Wood,Other Solid,9.52,False,ea,1242
SLD-0078,FF Bead 375 SQ,Solid Wood,Other Solid,9.52,False,ea,1243
SLD-0079,FF Bead 375 SQ Groove,Solid Wood,Other Solid,9.52,False,ea,1244
SLD-0080,FF Bead 375 Standard,Solid Wood,Other Solid,9.52,False,ea,1245
SLD-0081,Finesta GoLine,Solid Wood,Other Solid,19.0,False,ea,1246
SLD-0082,Future Extrusion,Solid Wood,Other Solid,20.0,False,ea,1247
SLD-0083,Gola Standard,Solid Wood,Other Solid,27.0,False,ea,1248
SLD-0084,Gola Zero Radius,Solid Wood,Other Solid,27.0,False,ea,1249
SLD-0085,Hafele Extrusion,Solid Wood,Other Solid,26.0,False,ea,1250
SLD-0086,HAMMERSMITH H-R,Solid Wood,Other Solid,42.0,False,ea,1251
SLD-0087,HAMMERSMITH S-R,Solid Wood,Other Solid,32.0,False,ea,1252
SLD-0088,Heritage Verceli,Solid Wood,Other Solid,20.0,False,ea,1253
SLD-0089,Hettich Kaduna 52,Solid Wood,Other Solid,25.0,False,ea,1254
SLD-0090,Hettich Kaduna 62,Solid Wood,Other Solid,25.0,False,ea,1255
SLD-0091,Meranti Base 42mm S-R,Solid Wood,Other Solid,32.0,False,ea,1256
SLD-0092,Meranti Heritage 42mm H-R,Solid Wood,Other Solid,42.0,False,ea,1257
SLD-0093,Polytec Recessed Rail,Solid Wood,Other Solid,25.0,False,ea,1258
SLD-0094,Richelieu Gola Vertical Double Grip Zero Radius Profile,Solid Wood,Other Solid,36.6,False,ea,1259
SLD-0095,Richelieu Gola Vertical Single Grip Zero Radius Profile,Solid Wood,Other Solid,36.6,False,ea,1260
SLD-0096,Sclim Gola Vertical Double Profile 16mm 8032,Solid Wood,Other Solid,33.0,False,ea,1261
SLD-0097,Sclim Gola Vertical Double Profile 18mm 8059,Solid Wood,Other Solid,37.0,False,ea,1262
SLD-0098,Sclim Gola Vertical Single Profile 16mm 8033,Solid Wood,Other Solid,33.0,False,ea,1263
SLD-0099,Sclim Gola Vertical Single Profile 18mm 8074,Solid Wood,Other Solid,37.0,False,ea,1264
SLD-0100,Spotted Gum Oval 12mm H-R,Solid Wood,Other Solid,42.0,False,ea,1265
SLD-0101,Spotted Gum Oval 12mm S-R,Solid Wood,Other Solid,32.0,False,ea,1266
SLD-0102,Spotted Gum Oval 14x18 H-R,Solid Wood,Other Solid,42.0,False,ea,1267
SLD-0103,Spotted Gum Oval 14x18 S-R,Solid Wood,Other Solid,32.0,False,ea,1268
SLD-0104,Spotted Gum Oval 32mm H-R,Solid Wood,Other Solid,42.0,False,ea,1269
SLD-0105,Spotted Gum Oval 32mm S-R,Solid Wood,Other Solid,32.0,False,ea,1270
SLD-0106,Spotted Gum Rectangle 12mm H-R,Solid Wood,Other Solid,37.0,False,ea,1271
SLD-0107,Spotted Gum Rectangle 14x18 H-R,Solid Wood,Other Solid,42.0,False,ea,1272
SLD-0108,Spotted Gum Rectangle 14x18 S-R,Solid Wood,Other Solid,32.0,False,ea,1273
SLD-0109,Spotted Gum Rectangle 32mm H-R,Solid Wood,Other Solid,42.0,False,ea,1274
SLD-0110,Wine Rack Lattice,Solid Wood,Other Solid,10.0,False,ea,1275
SLD-0111,Wrapped Batten,Solid Wood,Other Solid,19.0,False,ea,1276
SLD-0112,19mm Pine,Solid Wood,Pine,19.0,False,ea,1277
SLD-0113,20mm Pine,Solid Wood,Pine,20.0,False,ea,1278
SLD-0114,25mm Pine,Solid Wood,Pine,25.0,False,ea,1279
SLD-0115,32mm Pine,Solid Wood,Pine,32.0,False,ea,1280
SLD-0116,38mm Pine,Solid Wood,Pine,38.0,False,ea,1281
SLD-0117,Highline Pine Rectangle H-R,Solid Wood,Pine,32.0,False,ea,1282
SLD-0118,Pine Base 42mm S-R,Solid Wood,Pine,32.0,False,ea,1283
SLD-0119,Pine Colonial 12mm H-R,Solid Wood,Pine,42.0,False,ea,1284
SLD-0120,Pine Colonial 42mm H-R,Solid Wood,Pine,4.76,False,ea,1285
SLD-0121,Pine Colonial 65 x 42mm H-R,Solid Wood,Pine,42.0,False,ea,1286
SLD-0122,Pine Colonial H-R,Solid Wood,Pine,42.0,False,ea,1287
SLD-0123,Pine Dowell 12mm H-R,Solid Wood,Pine,48.0,False,ea,1288
SLD-0124,Pine Dowell 50 x 48mm H-R,Solid Wood,Pine,48.0,False,ea,1289
SLD-0125,Pine Heritage 42mm H-R,Solid Wood,Pine,42.0,False,ea,1290
SLD-0126,Pine Heritage 65 x 42mm H-R,Solid Wood,Pine,42.0,False,ea,1291
SLD-0127,Pine Oval 12mm H-R,Solid Wood,Pine,42.0,False,ea,1292
SLD-0128,Pine Oval 12mm S-R,Solid Wood,Pine,32.0,False,ea,1293
SLD-0129,Pine Oval 14x18 H-R,Solid Wood,Pine,42.0,False,ea,1294
SLD-0130,Pine Oval 14x18 S-R,Solid Wood,Pine,32.0,False,ea,1295
SLD-0131,Pine Oval 32mm H-R,Solid Wood,Pine,42.0,False,ea,1296
SLD-0132,Pine Oval 32mm S-R,Solid Wood,Pine,32.0,False,ea,1297
SLD-0133,Pine Oval 42mm S-R,Solid Wood,Pine,32.0,False,ea,1298
SLD-0134,Pine Oval 65 x 32mm S-R,Solid Wood,Pine,32.0,False,ea,1299
SLD-0135,Pine Oval 65 x 42mm H-R,Solid Wood,Pine,42.0,False,ea,1300
SLD-0136,Pine Oval H-R,Solid Wood,Pine,42.0,False,ea,1301
SLD-0137,Pine Oval S-R,Solid Wood,Pine,32.0,False,ea,1302
SLD-0138,Pine Post 90x90,Solid Wood,Pine,90.0,False,ea,1303
SLD-0139,Pine Rectangle 12mm H-R,Solid Wood,Pine,42.0,False,ea,1304
SLD-0140,Pine Rectangle 14x18 H-R,Solid Wood,Pine,42.0,False,ea,1305
SLD-0141,Pine Rectangle 14x18 S-R,Solid Wood,Pine,32.0,False,ea,1306
SLD-0142,Pine Rectangle 32mm H-R,Solid Wood,Pine,42.0,False,ea,1307
SLD-0143,Pine Rectangle 65 x 42mm H-R,Solid Wood,Pine,42.0,False,ea,1308
SLD-0144,Pine Square 90 x 32mm S-R,Solid Wood,Pine,32.0,False,ea,1309
SLD-0145,Pine Vetro H-R,Solid Wood,Pine,40.0,False,ea,1310
SLD-0146,Pine Vetro S-R,Solid Wood,Pine,40.0,False,ea,1311
SLD-0147,19 Poplar,Solid Wood,Poplar,27.0,False,ea,1312
SLD-0148,20 Poplar,Solid Wood,Poplar,20.0,False,ea,1313
SLD-0149,25 Poplar,Solid Wood,Poplar,25.0,False,ea,1314
SLD-0150,32 Poplar,Solid Wood,Poplar,32.0,False,ea,1315
SLD-0151,38 Poplar,Solid Wood,Poplar,27.0,False,ea,1316
SLD-0152,19 Walnut,Solid Wood,Walnut,19.0,False,ea,1317
SLD-0153,20 Walnut,Solid Wood,Walnut,20.0,False,ea,1318
